sample_id,CHROM,POS,ID,REF,ALT,QUAL,FILTER
OTHER,chr1,20216860,.,G,A,100,PASS
OTHER,chr1,112042632,.,A,G,100,PASS
OTHER,chr1,21902436,.,G,T,100,PASS
OTHER,chr1,155880573,.,C,G,100,PASS
OTHER,chr1,206239403,.,C,T,100,PASS
OTHER,chr1,201749520,.,G,C,100,PASS
OTHER,chr1,3440943,.,A,C,100,PASS
OTHER,chr1,225439988,.,T,C,100,PASS
OTHER,chr1,172222629,.,TCTCTCCTCTCCTCTC,"T,TCTCTCCTCTC",100,PASS
OTHER,chr1,15616183,.,T,C,100,PASS
OTHER,chr1,24463563,.,C,T,67.68,PASS
OTHER,chr1,33960062,.,A,G,100,PASS
OTHER,chr1,223853099,.,C,A,100,PASS
OTHER,chr1,16388646,.,T,C,100,PASS
OTHER,chr1,883899,.,T,G,100,PASS
OTHER,chr1,19518659,.,G,A,100,PASS
OTHER,chr1,159854251,.,T,C,100,PASS
OTHER,chr1,44086080,.,T,C,100,PASS
OTHER,chr1,49224584,.,G,T,100,PASS
OTHER,chr1,75685643,.,T,C,100,PASS
OTHER,chr1,171303836,.,G,A,100,PASS
OTHER,chr1,182850727,.,T,C,100,PASS
OTHER,chr1,247614693,.,C,T,100,PASS
OTHER,chr1,43855707,.,A,"AC,C",74.73,PASS
OTHER,chr1,154186918,.,G,C,100,PASS
OTHER,chr1,86146672,.,G,A,100,PASS
OTHER,chr1,237969638,.,A,G,100,PASS
OTHER,chr1,103428389,.,G,A,100,PASS
OTHER,chr1,12888601,.,G,GC,47.88,PASS
OTHER,chr1,16731646,.,T,C,100,PASS
OTHER,chr1,156946898,.,T,G,100,PASS
OTHER,chr1,109816176,.,A,C,100,PASS
OTHER,chr1,223284528,.,A,G,96.11,PASS
OTHER,chr1,40757993,.,T,C,100,PASS
OTHER,chr1,205884180,.,A,G,18.72,PASS
OTHER,chr1,212560055,.,GCACGTAA,G,100,PASS
OTHER,chr1,24134721,.,T,C,100,PASS
OTHER,chr1,89652072,.,C,T,100,PASS
OTHER,chr1,155007293,.,C,T,100,PASS
OTHER,chr1,21012563,.,C,T,100,PASS
OTHER,chr1,237957146,.,G,A,100,PASS
OTHER,chr1,201752851,.,T,TC,34.74,PASS
OTHER,chr1,225586274,.,G,T,100,PASS
OTHER,chr1,236154365,.,G,T,100,PASS
OTHER,chr1,171763549,.,C,T,100,PASS
OTHER,chr1,111060669,.,T,C,100,PASS
OTHER,chr1,19566881,.,C,T,100,PASS
OTHER,chr1,158735740,.,A,G,100,PASS
OTHER,chr1,41976345,.,T,C,37.06,PASS
OTHER,chr1,16359051,.,C,A,100,PASS
OTHER,chr1,160852046,.,T,C,100,PASS
OTHER,chr1,28261658,.,T,"TG,G",100,PASS
OTHER,chr1,78269207,.,G,A,91.42,PASS
OTHER,chr1,15438825,.,ATGTGTGTGTGTGTGTGTGTGTGTGTGTGTGTGTGTGTGTGTGTGT,"ATGTGTGTGTGTGTGTGTGTGTGTGTGTGTGTGTGTGTGT,ATGTGTGTGTGTGTGTGTGTGTGTGTGTGTGTGTGTGTG",100,PASS
OTHER,chr1,205239031,.,C,G,100,PASS
OTHER,chr1,201334795,.,C,T,100,PASS
OTHER,chr1,175324651,.,A,G,100,PASS
OTHER,chr1,220789236,.,C,T,100,PASS
OTHER,chr1,241712134,.,C,T,100,PASS
OTHER,chr1,38187447,.,A,G,100,PASS
OTHER,chr1,204589101,.,G,A,100,PASS
OTHER,chr1,156784982,.,T,C,100,PASS
OTHER,chr1,230371883,.,G,A,100,PASS
OTHER,chr1,231697030,.,G,A,100,PASS
OTHER,chr1,220145371,.,T,G,100,PASS
OTHER,chr1,201052562,.,G,T,100,PASS
OTHER,chr1,145075683,.,C,T,100,PASS
OTHER,chr1,21929260,.,A,G,100,PASS
OTHER,chr1,197059892,.,A,G,100,PASS
OTHER,chr1,159409857,.,A,G,100,PASS
OTHER,chr1,201181920,.,G,T,100,PASS
OTHER,chr1,236746443,.,C,T,100,PASS
OTHER,chr1,200618238,.,T,C,100,PASS
OTHER,chr1,114948281,.,A,G,100,PASS
OTHER,chr1,165376233,.,G,C,100,PASS
OTHER,chr1,32156940,.,C,A,100,PASS
OTHER,chr1,161823011,.,T,A,100,PASS
OTHER,chr1,201355522,.,T,C,100,PASS
OTHER,chr1,55614036,.,CAT,C,100,PASS
OTHER,chr1,201355943,.,C,T,100,PASS
OTHER,chr1,94341267,.,A,G,100,PASS
OTHER,chr1,228465346,.,A,G,100,PASS
OTHER,chr1,179310262,.,C,T,100,PASS
OTHER,chr1,45479772,.,G,T,88.4,PASS
OTHER,chr1,156939175,.,C,T,100,PASS
OTHER,chr1,165370367,.,T,TA,100,PASS
OTHER,chr1,43901011,.,A,C,100,PASS
OTHER,chr1,47571905,.,C,T,57.63,PASS
OTHER,chr1,93680736,.,G,A,100,PASS
OTHER,chr1,183617105,.,A,G,100,PASS
OTHER,chr1,32134491,.,C,G,100,PASS
OTHER,chr1,53662823,.,C,A,100,PASS
OTHER,chr1,57349407,.,A,T,100,PASS
OTHER,chr1,47395973,.,G,A,100,PASS
OTHER,chr1,109486269,.,C,A,100,PASS
OTHER,chr1,182554557,.,C,T,100,PASS
OTHER,chr1,232607094,.,T,C,100,PASS
OTHER,chr1,226074675,.,G,C,63.2,PASS
OTHER,chr1,34189917,.,C,T,100,PASS
OTHER,chr1,247025207,.,G,A,100,PASS
OTHER,chr1,206650065,.,A,G,100,PASS
OTHER,chr1,110577504,.,G,C,15.3,PASS
OTHER,chr1,48459907,.,C,T,100,PASS
OTHER,chr1,229738236,.,G,A,97.7,PASS
OTHER,chr1,6257856,.,G,A,100,PASS
OTHER,chr1,89427252,.,G,A,100,PASS
OTHER,chr1,172410967,.,G,A,100,PASS
OTHER,chr1,113246506,.,C,T,100,PASS
OTHER,chr1,18808465,.,T,A,65.65,PASS
OTHER,chr1,3755675,.,T,C,100,PASS
OTHER,chr1,144886063,.,T,C,100,PASS
OTHER,chr1,94941376,.,G,A,100,PASS
OTHER,chr1,41540853,.,A,T,100,PASS
OTHER,chr1,15651062,.,A,G,100,PASS
OTHER,chr1,10431158,.,T,C,100,PASS
OTHER,chr1,182784022,.,T,C,100,PASS
OTHER,chr1,33760742,.,CT,"CC,CG",100,PASS
OTHER,chr1,197030201,.,T,C,100,PASS
OTHER,chr1,45476663,.,G,A,100,PASS
OTHER,chr1,10356562,.,C,A,57.07,PASS
OTHER,chr1,62732421,.,T,C,52.39,PASS
OTHER,chr1,9658707,.,G,A,100,PASS
OTHER,chr1,206810248,.,G,T,100,PASS
OTHER,chr1,161599693,.,T,C,100,PASS
OTHER,chr1,60338419,.,A,C,45.14,PASS
OTHER,chr1,248263471,.,G,A,100,PASS
OTHER,chr1,247006051,.,G,C,100,PASS
OTHER,chr1,206239415,.,C,T,100,PASS
OTHER,chr1,3809423,.,G,A,100,PASS
OTHER,chr1,227171584,.,GT,G,94.31,PASS
OTHER,chr1,156894613,.,G,T,15.07,PASS
OTHER,chr1,94512565,.,C,T,100,PASS
OTHER,chr1,22307538,.,C,T,100,PASS
OTHER,chr1,16559541,.,C,G,100,PASS
OTHER,chr1,59844471,.,G,A,100,PASS
OTHER,chr1,171511039,.,C,G,100,PASS
OTHER,chr1,67243024,.,C,A,100,PASS
OTHER,chr1,237765200,.,G,A,100,PASS
OTHER,chr1,151789647,.,T,G,100,PASS
OTHER,chr1,248487338,.,C,A,100,PASS
OTHER,chr1,109428249,.,G,A,100,PASS
OTHER,chr1,155162201,.,G,"GC,C",71.92,PASS
OTHER,chr1,150938616,.,G,A,100,PASS
OTHER,chr1,32148571,.,A,G,100,PASS
OTHER,chr1,231047310,.,TAC,T,100,PASS
OTHER,chr1,45205598,.,T,C,100,PASS
OTHER,chr1,225555602,.,T,G,100,PASS
OTHER,chr1,93580992,.,C,T,100,PASS
OTHER,chr1,93073228,.,C,A,100,PASS
OTHER,chr1,31215364,.,T,C,44.74,PASS
OTHER,chr1,155755097,.,G,A,100,PASS
OTHER,chr1,201288898,.,A,C,100,PASS
OTHER,chr1,197072420,.,T,C,100,PASS
OTHER,chr1,196642233,.,G,A,100,PASS
OTHER,chr1,248512094,.,C,T,100,PASS
OTHER,chr1,11796168,.,CGGGCG,C,34.49,PASS
OTHER,chr1,156897831,.,G,A,52.15,PASS
OTHER,chr1,26786627,.,G,A,100,PASS
OTHER,chr1,21799823,.,A,G,100,PASS
OTHER,chr1,6273206,.,C,T,100,PASS
OTHER,chr1,55136529,.,T,C,100,PASS
OTHER,chr1,172522602,.,G,A,100,PASS
OTHER,chr1,151373200,.,T,C,100,PASS
OTHER,chr1,103491008,.,G,A,100,PASS
OTHER,chr1,151811226,.,G,A,61.4,PASS
OTHER,chr1,111661528,.,T,C,100,PASS
OTHER,chr1,47609944,.,C,A,100,PASS
OTHER,chr1,115118176,.,C,A,21.37,PASS
OTHER,chr1,221057662,.,G,A,100,PASS
OTHER,chr1,202743974,.,T,A,17.09,PASS
OTHER,chr1,241146322,.,A,G,100,PASS
OTHER,chr1,47609091,.,G,A,100,PASS
OTHER,chr1,192545099,.,G,A,100,PASS
OTHER,chr1,248112771,.,C,T,100,PASS
OTHER,chr1,47735264,.,T,A,52.24,PASS
OTHER,chr1,1222690,.,C,T,100,PASS
OTHER,chr1,180905352,.,C,T,100,PASS
OTHER,chr1,109172325,.,TTAA,"T,TTA,TT,TTTA",100,PASS
OTHER,chr1,38463504,.,C,T,100,PASS
OTHER,chr1,160971015,.,G,C,100,PASS
OTHER,chr1,100598867,.,C,T,100,PASS
OTHER,chr1,62728918,.,G,A,100,PASS
OTHER,chr1,236735939,.,T,C,100,PASS
OTHER,chr1,21938375,.,T,G,100,PASS
OTHER,chr1,183099701,.,G,A,100,PASS
OTHER,chr1,33476353,.,C,T,100,PASS
OTHER,chr1,17725358,.,C,G,100,PASS
OTHER,chr1,196642969,.,C,"CT,CTT",100,PASS
OTHER,chr1,151801951,.,G,A,100,PASS
OTHER,chr1,3806643,.,T,A,100,PASS
OTHER,chr1,169890933,.,A,G,100,PASS
OTHER,chr1,67512861,.,G,T,100,PASS
OTHER,chr1,25893242,.,T,C,100,PASS
OTHER,chr1,16890598,.,T,A,100,PASS
OTHER,chr1,160097666,.,G,A,100,PASS
OTHER,chr1,160136350,.,G,A,100,PASS
OTHER,chr1,167817639,.,A,G,100,PASS
OTHER,chr1,40533326,.,T,G,100,PASS
OTHER,chr1,113241129,.,GGGC,"G,TGGC",76.37,PASS
OTHER,chr1,157567751,.,A,G,100,PASS
OTHER,chr1,161644955,.,G,A,100,PASS
OTHER,chr1,151402045,.,A,G,100,PASS
OTHER,chr1,180163578,.,G,T,33.12,PASS
OTHER,chr1,24690764,.,T,A,100,PASS
OTHER,chr1,4834606,.,T,C,100,PASS
OTHER,chr10,71060610,.,A,G,100,PASS
OTHER,chr10,6005674,.,G,A,100,PASS
OTHER,chr10,71018660,.,T,C,100,PASS
OTHER,chr10,50227785,.,T,C,100,PASS
OTHER,chr10,23319824,.,T,C,100,PASS
OTHER,chr10,70955056,.,A,G,100,PASS
OTHER,chr10,129242555,.,G,A,100,PASS
OTHER,chr10,124335866,.,C,T,100,PASS
OTHER,chr10,119042761,.,C,T,100,PASS
OTHER,chr10,101590619,.,C,T,100,PASS
OTHER,chr10,30316208,.,T,C,100,PASS
OTHER,chr10,32329467,.,G,A,100,PASS
OTHER,chr10,24873369,.,C,G,100,PASS
OTHER,chr10,101514219,.,G,A,100,PASS
OTHER,chr10,75532848,.,GCCAGGACTCCAGGTGTCCAGGACTCCAGGTGT,"GCCAGGACTCCAGGTGT,G",100,PASS
OTHER,chr10,103599325,.,A,T,100,PASS
OTHER,chr10,112356331,.,G,A,100,PASS
OTHER,chr10,81706324,.,A,G,100,PASS
OTHER,chr10,94545,.,C,T,39.78,PASS
OTHER,chr10,429977,.,G,A,100,PASS
OTHER,chr10,73591566,.,C,T,100,PASS
OTHER,chr10,28030093,.,G,A,100,PASS
OTHER,chr10,31803516,.,G,A,100,PASS
OTHER,chr10,121199189,.,T,C,100,PASS
OTHER,chr10,121191186,.,C,A,100,PASS
OTHER,chr10,16919223,.,A,"G,T",100,PASS
OTHER,chr10,47087474,.,C,T,100,PASS
OTHER,chr10,135096784,.,A,G,100,PASS
OTHER,chr10,104855670,.,G,A,100,PASS
OTHER,chr10,49633874,.,A,ACAAGAATACATTCT,85.26,PASS
OTHER,chr10,121678896,.,C,G,100,PASS
OTHER,chr10,99439688,.,A,G,100,PASS
OTHER,chr10,50534599,.,G,A,100,PASS
OTHER,chr10,27317778,.,T,C,75.02,PASS
OTHER,chr10,46965727,.,G,A,100,PASS
OTHER,chr10,129249676,.,C,T,100,PASS
OTHER,chr10,70045201,.,C,A,100,PASS
OTHER,chr10,46999465,.,A,G,100,PASS
OTHER,chr10,123719835,.,T,A,100,PASS
OTHER,chr10,100019009,.,G,A,100,PASS
OTHER,chr10,55892600,.,TAC,T,100,PASS
OTHER,chr10,114192285,.,G,A,100,PASS
OTHER,chr10,95074,.,G,A,100,PASS
OTHER,chr10,94821389,.,T,C,100,PASS
OTHER,chr10,73578882,.,T,C,100,PASS
OTHER,chr10,75612881,.,T,C,54.32,PASS
OTHER,chr10,28378758,.,T,C,100,PASS
OTHER,chr10,25312689,.,A,G,100,PASS
OTHER,chr10,112595645,.,C,A,100,PASS
OTHER,chr10,94369101,.,T,G,15.63,PASS
OTHER,chr10,127500718,.,C,G,89.94,PASS
OTHER,chr10,100020880,.,C,T,100,PASS
OTHER,chr10,102770082,.,T,G,100,PASS
OTHER,chr10,73044674,.,G,A,100,PASS
OTHER,chr10,32974969,.,A,G,100,PASS
OTHER,chr10,60147934,.,T,C,72.88,PASS
OTHER,chr10,125528297,.,T,G,94.25,PASS
OTHER,chr10,95454681,.,G,C,100,PASS
OTHER,chr10,95459698,.,G,C,100,PASS
OTHER,chr10,32120678,.,C,T,100,PASS
OTHER,chr10,61414176,.,G,A,100,PASS
OTHER,chr10,102027407,.,C,T,100,PASS
OTHER,chr10,25701341,.,C,G,100,PASS
OTHER,chr10,71392495,.,T,A,100,PASS
OTHER,chr10,12940377,.,T,C,100,PASS
OTHER,chr10,30316072,.,C,G,100,PASS
OTHER,chr10,115422474,.,A,G,100,PASS
OTHER,chr10,96702047,.,C,T,100,PASS
OTHER,chr10,94816859,.,G,C,65.12,PASS
OTHER,chr10,16878204,.,T,C,100,PASS
OTHER,chr10,135012652,.,T,C,44.46,PASS
OTHER,chr10,28233120,.,A,C,100,PASS
OTHER,chr10,45467447,.,T,A,100,PASS
OTHER,chr10,1088746,.,T,G,100,PASS
OTHER,chr10,61014056,.,C,A,100,PASS
OTHER,chr10,32742256,.,T,G,100,PASS
OTHER,chr10,135097434,.,A,G,100,PASS
OTHER,chr10,60558125,.,A,T,100,PASS
OTHER,chr10,61592447,.,G,C,100,PASS
OTHER,chr10,135438929,.,T,G,100,PASS
OTHER,chr10,27317840,.,C,T,80.9,PASS
OTHER,chr10,27702725,.,A,G,100,PASS
OTHER,chr10,94835126,.,T,TG,100,PASS
OTHER,chr10,114053546,.,C,G,100,PASS
OTHER,chr10,94835131,.,G,A,22.45,PASS
OTHER,chr10,79793688,.,C,T,63.17,PASS
OTHER,chr10,29821089,.,C,T,100,PASS
OTHER,chr10,51549545,.,G,T,100,PASS
OTHER,chr10,43088670,.,C,T,78.69,PASS
OTHER,chr11,67351585,.,C,G,47.88,PASS
OTHER,chr11,10823815,.,C,T,100,PASS
OTHER,chr11,6007680,.,A,G,100,PASS
OTHER,chr11,66318972,.,G,A,100,PASS
OTHER,chr11,57157405,.,A,G,100,PASS
OTHER,chr11,86267678,.,G,A,100,PASS
OTHER,chr11,117774291,.,A,C,100,PASS
OTHER,chr11,134188542,.,T,C,100,PASS
OTHER,chr11,119217311,.,G,A,100,PASS
OTHER,chr11,1507731,.,A,G,100,PASS
OTHER,chr11,118083664,.,A,G,100,PASS
OTHER,chr11,10522983,.,G,T,100,PASS
OTHER,chr11,57563991,.,C,T,100,PASS
OTHER,chr11,5906192,.,A,C,100,PASS
OTHER,chr11,65727301,.,A,G,100,PASS
OTHER,chr11,5862653,.,T,C,100,PASS
OTHER,chr11,123909172,.,G,A,100,PASS
OTHER,chr11,2920666,.,C,T,100,PASS
OTHER,chr11,17172133,.,T,C,100,PASS
OTHER,chr11,58491921,.,A,T,100,PASS
OTHER,chr11,125479363,.,G,A,100,PASS
OTHER,chr11,104761206,.,C,T,100,PASS
OTHER,chr11,77531810,.,T,G,100,PASS
OTHER,chr11,126278075,.,C,T,100,PASS
OTHER,chr11,60701987,.,G,A,84.16,PASS
OTHER,chr11,65547455,.,C,A,100,PASS
OTHER,chr11,18735947,.,T,C,100,PASS
OTHER,chr11,56143968,.,A,G,100,PASS
OTHER,chr11,108143182,.,C,T,100,PASS
OTHER,chr11,65639374,.,C,T,84.72,PASS
OTHER,chr11,45877688,.,C,G,100,PASS
OTHER,chr11,46914598,.,A,G,100,PASS
OTHER,chr11,3681519,.,T,C,100,PASS
OTHER,chr11,117329415,.,G,A,100,PASS
OTHER,chr11,1261640,.,C,T,100,PASS
OTHER,chr11,130784754,.,C,G,100,PASS
OTHER,chr11,111796904,.,A,G,100,PASS
OTHER,chr11,864626,.,A,G,100,PASS
OTHER,chr11,16339873,.,C,A,100,PASS
OTHER,chr11,60971041,.,A,G,100,PASS
OTHER,chr11,18424451,.,C,T,100,PASS
OTHER,chr11,103187169,.,T,C,100,PASS
OTHER,chr11,63668557,.,C,T,100,PASS
OTHER,chr11,45944994,.,G,"GC,C",100,PASS
OTHER,chr11,100812751,.,T,C,100,PASS
OTHER,chr11,73681090,.,C,T,100,PASS
OTHER,chr11,4592708,.,C,CAG,100,PASS
OTHER,chr11,6243804,.,A,G,100,PASS
OTHER,chr11,49176057,.,C,T,100,PASS
OTHER,chr11,51516000,.,C,T,100,PASS
OTHER,chr11,62847562,.,G,T,100,PASS
OTHER,chr11,113679119,.,C,T,100,PASS
OTHER,chr11,71185518,.,T,C,100,PASS
OTHER,chr11,117308927,.,C,A,100,PASS
OTHER,chr11,3663011,.,G,A,100,PASS
OTHER,chr11,56508476,.,T,C,100,PASS
OTHER,chr11,6341684,.,C,G,100,PASS
OTHER,chr11,123909653,.,G,T,100,PASS
OTHER,chr11,5411580,.,T,C,100,PASS
OTHER,chr11,130060612,.,A,G,100,PASS
OTHER,chr11,48346450,.,A,G,100,PASS
OTHER,chr11,5989415,.,C,T,100,PASS
OTHER,chr11,614864,.,C,T,100,PASS
OTHER,chr11,108380312,.,T,C,100,PASS
OTHER,chr11,88338165,.,G,A,100,PASS
OTHER,chr11,8159961,.,T,A,75.29,PASS
OTHER,chr11,68671477,.,T,C,100,PASS
OTHER,chr11,71174452,.,A,G,100,PASS
OTHER,chr11,73850002,.,G,C,100,PASS
OTHER,chr11,119005132,.,C,T,100,PASS
OTHER,chr11,3799986,.,T,A,37.34,PASS
OTHER,chr11,118452334,.,G,C,100,PASS
OTHER,chr11,11292700,.,G,C,100,PASS
OTHER,chr11,64602782,.,C,T,100,PASS
OTHER,chr11,73536698,.,A,C,100,PASS
OTHER,chr11,118754649,.,C,G,31,PASS
OTHER,chr11,10014462,.,C,A,40.67,PASS
OTHER,chr11,66306950,.,GGCC,"GC,G,GGGC",100,PASS
OTHER,chr11,57243588,.,A,G,100,PASS
OTHER,chr11,113724943,.,T,C,100,PASS
OTHER,chr11,5474838,.,G,T,100,PASS
OTHER,chr11,44640792,.,T,C,100,PASS
OTHER,chr11,102398436,.,C,T,100,PASS
OTHER,chr11,85977117,.,G,A,100,PASS
OTHER,chr11,66107674,.,A,G,100,PASS
OTHER,chr11,128675292,.,T,A,100,PASS
OTHER,chr11,122795688,.,T,C,100,PASS
OTHER,chr11,15199957,.,T,C,100,PASS
OTHER,chr11,60291413,.,C,T,100,PASS
OTHER,chr11,72415329,.,G,A,99.75,PASS
OTHER,chr11,5080068,.,G,A,100,PASS
OTHER,chr11,66481264,.,C,T,100,PASS
OTHER,chr11,117776471,.,C,T,100,PASS
OTHER,chr11,64684729,.,T,C,100,PASS
OTHER,chr11,117668060,.,G,T,49.53,PASS
OTHER,chr11,18738603,.,G,A,100,PASS
OTHER,chr11,6262715,.,G,A,100,PASS
OTHER,chr11,76227182,.,G,A,100,PASS
OTHER,chr11,8959511,.,T,G,100,PASS
OTHER,chr11,62063869,.,C,T,100,PASS
OTHER,chr11,14278049,.,T,A,100,PASS
OTHER,chr11,44096414,.,A,G,55.78,PASS
OTHER,chr11,5067984,.,A,G,100,PASS
OTHER,chr11,17409572,.,T,C,100,PASS
OTHER,chr11,119216231,.,A,G,100,PASS
OTHER,chr11,125659423,.,A,C,100,PASS
OTHER,chr11,103019443,.,C,G,100,PASS
OTHER,chr11,63885632,.,A,G,100,PASS
OTHER,chr11,2924850,.,T,TC,100,PASS
OTHER,chr11,69462910,.,G,A,100,PASS
OTHER,chr11,7071031,.,G,A,100,PASS
OTHER,chr11,48373632,.,T,A,100,PASS
OTHER,chr11,68201295,.,C,T,100,PASS
OTHER,chr11,34527152,.,A,G,100,PASS
OTHER,chr11,48286256,.,C,T,100,PASS
OTHER,chr11,64026685,.,C,T,100,PASS
OTHER,chr11,66107527,.,C,A,100,PASS
OTHER,chr11,112065483,.,A,C,100,PASS
OTHER,chr11,67068859,.,T,C,100,PASS
OTHER,chr11,900929,.,C,G,100,PASS
OTHER,chr11,32705076,.,C,T,100,PASS
OTHER,chr11,8938787,.,A,G,100,PASS
OTHER,chr11,3109403,.,A,G,100,PASS
OTHER,chr11,72407977,.,C,A,100,PASS
OTHER,chr11,117342462,.,T,C,100,PASS
OTHER,chr11,32451998,.,G,A,35.53,PASS
OTHER,chr11,33581306,.,G,A,29.01,PASS
OTHER,chr11,2427291,.,A,C,100,PASS
OTHER,chr11,100784127,.,G,A,100,PASS
OTHER,chr11,7949791,.,A,C,100,PASS
OTHER,chr11,5269584,.,T,G,100,PASS
OTHER,chr11,93844034,.,G,T,100,PASS
OTHER,chr11,64135435,.,G,A,49.23,PASS
OTHER,chr11,55563738,.,G,A,100,PASS
OTHER,chr11,111368047,.,G,T,100,PASS
OTHER,chr11,5345170,.,A,G,100,PASS
OTHER,chr11,103091237,.,A,G,100,PASS
OTHER,chr11,6554941,.,C,A,100,PASS
OTHER,chr11,111782284,.,C,T,100,PASS
OTHER,chr11,4159457,.,A,G,100,PASS
OTHER,chr11,60702625,.,G,A,100,PASS
OTHER,chr12,13366599,.,C,T,100,PASS
OTHER,chr12,80672064,.,A,G,100,PASS
OTHER,chr12,18473928,.,T,C,100,PASS
OTHER,chr12,123343571,.,T,G,100,PASS
OTHER,chr12,80889829,.,T,A,100,PASS
OTHER,chr12,8329676,.,C,T,49.53,PASS
OTHER,chr12,22066018,.,A,G,48.52,PASS
OTHER,chr12,7463241,.,A,T,100,PASS
OTHER,chr12,53090190,.,C,T,100,PASS
OTHER,chr12,23998888,.,T,C,100,PASS
OTHER,chr12,124416054,.,T,C,100,PASS
OTHER,chr12,10150974,.,A,G,100,PASS
OTHER,chr12,78582566,.,A,G,100,PASS
OTHER,chr12,3147080,.,C,T,83.66,PASS
OTHER,chr12,70988149,.,T,C,100,PASS
OTHER,chr12,52939407,.,AGAG,A,100,PASS
OTHER,chr12,21608043,.,A,G,100,PASS
OTHER,chr12,44191031,.,A,C,76.78,PASS
OTHER,chr12,6747578,.,G,C,100,PASS
OTHER,chr12,95502064,.,A,G,100,PASS
OTHER,chr12,14959391,.,T,C,100,PASS
OTHER,chr12,10760380,.,G,A,100,PASS
OTHER,chr12,52886911,.,T,C,29,PASS
OTHER,chr12,15038788,.,C,T,100,PASS
OTHER,chr12,122326812,.,T,C,100,PASS
OTHER,chr12,7551050,.,A,C,100,PASS
OTHER,chr12,21329738,.,A,G,28.96,PASS
OTHER,chr12,133202215,.,G,A,100,PASS
OTHER,chr12,53201680,.,C,T,100,PASS
OTHER,chr12,50824232,.,A,G,78.59,PASS
OTHER,chr12,31144884,.,A,G,100,PASS
OTHER,chr12,113539822,.,A,G,100,PASS
OTHER,chr12,124941543,.,C,T,81.13,PASS
OTHER,chr12,31850220,.,C,T,100,PASS
OTHER,chr12,53216184,.,A,G,100,PASS
OTHER,chr12,109511256,.,T,C,100,PASS
OTHER,chr12,56815281,.,T,C,100,PASS
OTHER,chr12,7655137,.,A,G,100,PASS
OTHER,chr12,85531790,.,A,G,100,PASS
OTHER,chr12,988894,.,G,A,100,PASS
OTHER,chr12,52307717,.,C,CG,100,PASS
OTHER,chr12,9833524,.,C,G,100,PASS
OTHER,chr12,26755546,.,C,T,100,PASS
OTHER,chr12,69080728,.,T,G,100,PASS
OTHER,chr12,130940993,.,G,A,100,PASS
OTHER,chr12,106461760,.,G,A,100,PASS
OTHER,chr12,11000934,.,A,G,71.08,PASS
OTHER,chr12,100169519,.,A,G,100,PASS
OTHER,chr12,113532508,.,C,T,100,PASS
OTHER,chr12,52285086,.,G,A,32.93,PASS
OTHER,chr12,98921562,.,A,G,46.83,PASS
OTHER,chr12,101713141,.,C,T,100,PASS
OTHER,chr12,57975570,.,A,G,100,PASS
OTHER,chr12,20903865,.,G,A,100,PASS
OTHER,chr12,14688644,.,C,T,100,PASS
OTHER,chr12,53442956,.,G,C,100,PASS
OTHER,chr12,21665207,.,A,G,100,PASS
OTHER,chr12,42717811,.,A,T,100,PASS
OTHER,chr12,125456004,.,C,A,85.45,PASS
OTHER,chr12,4835882,.,T,G,100,PASS
OTHER,chr12,108136172,.,A,G,100,PASS
OTHER,chr12,20803323,.,A,C,100,PASS
OTHER,chr12,80760570,.,A,G,100,PASS
OTHER,chr12,81655861,.,G,C,100,PASS
OTHER,chr12,53091566,.,C,A,100,PASS
OTHER,chr12,42859961,.,A,G,100,PASS
OTHER,chr12,20903757,.,T,C,100,PASS
OTHER,chr12,10571158,.,C,T,100,PASS
OTHER,chr12,6439470,.,A,G,86.41,PASS
OTHER,chr12,108140032,.,T,C,100,PASS
OTHER,chr12,124824716,.,A,C,100,PASS
OTHER,chr12,121690548,.,T,C,100,PASS
OTHER,chr12,51681847,.,A,T,78.36,PASS
OTHER,chr12,69218038,.,T,G,100,PASS
OTHER,chr12,109639521,.,G,A,100,PASS
OTHER,chr12,132237848,.,T,C,100,PASS
OTHER,chr12,74932159,.,G,C,100,PASS
OTHER,chr12,53205757,.,T,C,100,PASS
OTHER,chr12,98927830,.,C,G,100,PASS
OTHER,chr12,32735236,.,C,T,100,PASS
OTHER,chr12,16347308,.,G,A,100,PASS
OTHER,chr12,62931083,.,C,G,100,PASS
OTHER,chr13,113201874,.,A,G,31.86,PASS
OTHER,chr13,28893642,.,A,G,100,PASS
OTHER,chr13,73369642,.,A,G,100,PASS
OTHER,chr13,113742805,.,C,G,100,PASS
OTHER,chr13,25404743,.,T,C,100,PASS
OTHER,chr13,19752575,.,A,G,100,PASS
OTHER,chr13,41515371,.,C,T,100,PASS
OTHER,chr13,36801415,.,C,T,100,PASS
OTHER,chr13,25008630,.,A,G,100,PASS
OTHER,chr13,35926497,.,A,G,76.21,PASS
OTHER,chr13,45589854,.,G,A,100,PASS
OTHER,chr13,48571213,.,C,T,100,PASS
OTHER,chr13,41767341,.,A,G,100,PASS
OTHER,chr13,97639414,.,C,T,100,PASS
OTHER,chr13,110862303,.,G,A,100,PASS
OTHER,chr13,37679268,.,G,T,100,PASS
OTHER,chr13,61986918,.,C,A,100,PASS
OTHER,chr13,30351248,.,T,TA,100,PASS
OTHER,chr13,41791440,.,T,A,100,PASS
OTHER,chr13,50056793,.,T,C,100,PASS
OTHER,chr13,101321067,.,T,C,100,PASS
OTHER,chr13,50123832,.,C,G,100,PASS
OTHER,chr13,36521433,.,T,G,100,PASS
OTHER,chr13,43839494,.,G,A,100,PASS
OTHER,chr13,47354101,.,C,T,100,PASS
OTHER,chr13,32929232,.,A,G,100,PASS
OTHER,chr13,26148966,.,C,T,100,PASS
OTHER,chr13,38932208,.,A,T,37.94,PASS
OTHER,chr13,25370255,.,A,G,100,PASS
OTHER,chr13,95097956,.,C,T,100,PASS
OTHER,chr13,21732094,.,C,T,100,PASS
OTHER,chr14,23239880,.,G,A,100,PASS
OTHER,chr14,94933709,.,C,T,100,PASS
OTHER,chr14,23242980,.,A,G,100,PASS
OTHER,chr14,58953617,.,T,C,100,PASS
OTHER,chr14,21944955,.,G,C,88.54,PASS
OTHER,chr14,74983495,.,C,G,20.91,PASS
OTHER,chr14,94929367,.,G,T,100,PASS
OTHER,chr14,78221504,.,C,A,100,PASS
OTHER,chr14,102904551,.,CCCCGCTCCCTGCT,C,100,PASS
OTHER,chr14,90767607,.,C,T,100,PASS
OTHER,chr14,51206145,.,A,T,100,PASS
OTHER,chr14,100141689,.,T,C,60.25,PASS
OTHER,chr14,73459718,.,A,G,100,PASS
OTHER,chr14,105406372,.,C,T,100,PASS
OTHER,chr14,61788816,.,C,T,100,PASS
OTHER,chr14,77704974,.,G,C,100,PASS
OTHER,chr14,105414629,.,G,A,100,PASS
OTHER,chr14,105954875,.,A,C,76.82,PASS
OTHER,chr14,103596609,.,T,A,100,PASS
OTHER,chr14,75386576,.,G,A,100,PASS
OTHER,chr14,21960318,.,A,C,100,PASS
OTHER,chr14,20916987,.,G,A,100,PASS
OTHER,chr14,21967133,.,C,A,100,PASS
OTHER,chr14,64537657,.,G,A,100,PASS
OTHER,chr14,20444026,.,T,G,100,PASS
OTHER,chr14,93649501,.,A,G,100,PASS
OTHER,chr14,64691853,.,C,T,62.24,PASS
OTHER,chr14,70924462,.,A,G,100,PASS
OTHER,chr14,104640481,.,G,C,100,PASS
OTHER,chr14,105410183,.,T,C,100,PASS
OTHER,chr14,23235808,.,G,A,100,PASS
OTHER,chr14,94696808,.,CAT,C,100,PASS
OTHER,chr14,76045691,.,C,T,100,PASS
OTHER,chr14,51370852,.,C,G,100,PASS
OTHER,chr14,55530120,.,T,C,100,PASS
OTHER,chr14,101004386,.,A,G,23.05,PASS
OTHER,chr14,75551254,.,C,T,100,PASS
OTHER,chr14,31424790,.,TAAA,"TAA,TA,T",100,PASS
OTHER,chr14,65245956,.,C,T,94.18,PASS
OTHER,chr14,93407771,.,G,A,100,PASS
OTHER,chr14,24883720,.,GGGGTTTCCACAGA,G,100,PASS
OTHER,chr14,23567369,.,C,T,100,PASS
OTHER,chr14,31578762,.,C,T,100,PASS
OTHER,chr14,20767621,.,G,A,21.23,PASS
OTHER,chr14,74994033,.,T,C,100,PASS
OTHER,chr14,94933473,.,C,A,71.2,PASS
OTHER,chr14,105416685,.,C,G,100,PASS
OTHER,chr14,20502044,.,G,T,100,PASS
OTHER,chr14,24033027,.,G,A,100,PASS
OTHER,chr14,105421050,.,T,G,100,PASS
OTHER,chr14,52496091,.,A,C,100,PASS
OTHER,chr14,92549586,.,G,A,46.05,PASS
OTHER,chr14,68249499,.,C,T,100,PASS
OTHER,chr14,77794283,.,T,C,100,PASS
OTHER,chr14,69994567,.,C,T,100,PASS
OTHER,chr14,21558988,.,GT,G,36.79,PASS
OTHER,chr14,94038549,.,C,A,100,PASS
OTHER,chr14,24682614,.,C,G,90.85,PASS
OTHER,chr14,78140329,.,G,A,100,PASS
OTHER,chr14,90456188,.,G,T,100,PASS
OTHER,chr14,68042574,.,A,G,76.6,PASS
OTHER,chr14,104136469,.,CT,C,100,PASS
OTHER,chr14,105180706,.,A,G,100,PASS
OTHER,chr14,81046810,.,A,AACGAGTT,100,PASS
OTHER,chr14,23306048,.,C,T,100,PASS
OTHER,chr14,39583481,.,A,G,100,PASS
OTHER,chr14,64519035,.,A,G,100,PASS
OTHER,chr15,43707808,.,A,T,100,PASS
OTHER,chr15,79215356,.,C,A,41.63,PASS
OTHER,chr15,45968535,.,A,C,100,PASS
OTHER,chr15,84539619,.,C,G,100,PASS
OTHER,chr15,30663200,.,A,G,94.14,PASS
OTHER,chr15,68124665,.,C,A,100,PASS
OTHER,chr15,63075942,.,G,C,100,PASS
OTHER,chr15,41605632,.,G,A,100,PASS
OTHER,chr15,58000981,.,C,T,100,PASS
OTHER,chr15,72638892,.,T,C,100,PASS
OTHER,chr15,59515434,.,C,T,100,PASS
OTHER,chr15,31203093,.,C,T,100,PASS
OTHER,chr15,74244344,.,C,T,100,PASS
OTHER,chr15,86313200,.,T,C,100,PASS
OTHER,chr15,93198678,.,TTGGAGC,T,22.49,PASS
OTHER,chr15,89402596,.,T,G,100,PASS
OTHER,chr15,33842222,.,C,G,100,PASS
OTHER,chr15,96877242,.,G,C,83.02,PASS
OTHER,chr15,42137581,.,A,C,100,PASS
OTHER,chr15,42362821,.,C,G,100,PASS
OTHER,chr15,99477911,.,T,G,100,PASS
OTHER,chr15,33928500,.,G,A,100,PASS
OTHER,chr15,40491952,.,A,G,70.16,PASS
OTHER,chr15,65994602,.,A,G,100,PASS
OTHER,chr15,45467540,.,C,G,100,PASS
OTHER,chr15,84554018,.,G,C,100,PASS
OTHER,chr15,34113010,.,C,T,100,PASS
OTHER,chr15,41829230,.,A,G,100,PASS
OTHER,chr15,91424574,.,G,C,100,PASS
OTHER,chr15,78780104,.,T,C,100,PASS
OTHER,chr15,99646107,.,A,AG,100,PASS
OTHER,chr15,52246665,.,G,A,100,PASS
OTHER,chr15,84651290,.,T,C,100,PASS
OTHER,chr15,85186837,.,T,C,100,PASS
OTHER,chr15,42137576,.,C,T,100,PASS
OTHER,chr15,52553007,.,C,G,100,PASS
OTHER,chr15,45974593,.,A,G,100,PASS
OTHER,chr15,51519945,.,A,"AAAG,AAAAG",100,PASS
OTHER,chr15,71548937,.,T,C,100,PASS
OTHER,chr15,98504100,.,G,C,86.76,PASS
OTHER,chr15,90630892,.,C,A,100,PASS
OTHER,chr15,85405992,.,G,GC,100,PASS
OTHER,chr15,91428290,.,C,T,100,PASS
OTHER,chr15,80460524,.,A,G,100,PASS
OTHER,chr15,68695448,.,T,C,100,PASS
OTHER,chr15,91448768,.,G,C,100,PASS
OTHER,chr15,78894339,.,G,A,100,PASS
OTHER,chr15,90784250,.,T,C,100,PASS
OTHER,chr15,93588161,.,G,A,65.49,PASS
OTHER,chr15,42306015,.,G,A,100,PASS
OTHER,chr15,86087212,.,C,T,100,PASS
OTHER,chr15,75664570,.,A,T,100,PASS
OTHER,chr15,22382828,.,C,A,100,PASS
OTHER,chr15,71433915,.,T,A,33.65,PASS
OTHER,chr15,65489128,.,C,T,100,PASS
OTHER,chr15,90273040,.,C,G,100,PASS
OTHER,chr15,59524056,.,T,C,100,PASS
OTHER,chr15,57918069,.,A,G,100,PASS
OTHER,chr15,65558839,.,C,T,22.34,PASS
OTHER,chr15,68613778,.,G,T,100,PASS
OTHER,chr15,88678274,.,A,C,81.99,PASS
OTHER,chr15,59970298,.,C,A,100,PASS
OTHER,chr16,22319549,.,G,C,50.81,PASS
OTHER,chr16,837310,.,A,G,100,PASS
OTHER,chr16,1877558,.,G,A,100,PASS
OTHER,chr16,21145648,.,C,T,100,PASS
OTHER,chr16,81173193,.,C,T,100,PASS
OTHER,chr16,84228237,.,A,C,100,PASS
OTHER,chr16,88783521,.,T,C,100,PASS
OTHER,chr16,25235586,.,C,T,100,PASS
OTHER,chr16,88498297,.,T,G,100,PASS
OTHER,chr16,3304626,.,C,G,100,PASS
OTHER,chr16,8873456,.,T,C,100,PASS
OTHER,chr16,31273129,.,T,C,100,PASS
OTHER,chr16,15110077,.,C,T,100,PASS
OTHER,chr16,47462851,.,A,G,100,PASS
OTHER,chr16,88808918,.,C,A,100,PASS
OTHER,chr16,1870037,.,TGGGCTGCCTGCTGAGCTGAGGGGGCTGCCTGCTGAGCTGAG,"TGGGCTGCCTGCTGAGCTGAG,TGGGCTGCCTGCTGAGCTGA",100,PASS
OTHER,chr16,5128817,.,G,A,100,PASS
OTHER,chr16,84035919,.,T,C,100,PASS
OTHER,chr16,1266803,.,C,CT,100,PASS
OTHER,chr16,86575737,.,C,T,100,PASS
OTHER,chr16,87795580,.,G,C,100,PASS
OTHER,chr16,46918908,.,T,C,100,PASS
OTHER,chr16,602370,.,C,T,72.68,PASS
OTHER,chr16,84495770,.,G,A,100,PASS
OTHER,chr16,929711,.,C,T,100,PASS
OTHER,chr16,30744826,.,C,T,100,PASS
OTHER,chr16,78064733,.,C,A,100,PASS
OTHER,chr16,10861914,.,T,C,100,PASS
OTHER,chr16,31510736,.,G,A,41.44,PASS
OTHER,chr16,2812939,.,C,A,100,PASS
OTHER,chr16,1544302,.,A,G,100,PASS
OTHER,chr16,19726275,.,C,T,100,PASS
OTHER,chr16,20386115,.,T,C,100,PASS
OTHER,chr16,57101340,.,T,C,42.33,PASS
OTHER,chr16,84449032,.,G,T,100,PASS
OTHER,chr16,23722280,.,G,A,100,PASS
OTHER,chr16,57392733,.,A,C,100,PASS
OTHER,chr16,2139875,.,G,A,100,PASS
OTHER,chr16,50100253,.,T,A,17.4,PASS
OTHER,chr16,85704584,.,A,G,100,PASS
OTHER,chr16,81942028,.,C,G,100,PASS
OTHER,chr16,30964940,.,A,G,100,PASS
OTHER,chr16,1817397,.,T,G,100,PASS
OTHER,chr16,84493081,.,G,A,100,PASS
OTHER,chr16,109671,.,A,G,100,PASS
OTHER,chr16,56442066,.,C,T,69.2,PASS
OTHER,chr16,89238310,.,C,G,100,PASS
OTHER,chr16,775947,.,G,C,100,PASS
OTHER,chr16,89911681,.,G,C,100,PASS
OTHER,chr16,23692405,.,A,G,100,PASS
OTHER,chr16,75445675,.,G,A,99.6,PASS
OTHER,chr16,68025801,.,G,C,100,PASS
OTHER,chr16,55728081,.,T,G,100,PASS
OTHER,chr16,87788864,.,G,A,100,PASS
OTHER,chr16,4027605,.,C,T,100,PASS
OTHER,chr16,89167094,.,T,C,100,PASS
OTHER,chr16,336660,.,G,A,100,PASS
OTHER,chr16,77850966,.,T,C,100,PASS
OTHER,chr16,11444572,.,A,C,100,PASS
OTHER,chr16,5081919,.,A,T,100,PASS
OTHER,chr16,55844927,.,A,C,38.35,PASS
OTHER,chr16,70998808,.,G,A,100,PASS
OTHER,chr16,71025948,.,T,A,100,PASS
OTHER,chr16,76311602,.,G,GT,100,PASS
OTHER,chr16,55866894,.,T,TA,100,PASS
OTHER,chr16,77233394,.,A,G,100,PASS
OTHER,chr16,84695280,.,A,G,100,PASS
OTHER,chr16,2030127,.,G,A,100,PASS
OTHER,chr16,89704365,.,G,C,100,PASS
OTHER,chr16,88705804,.,T,C,100,PASS
OTHER,chr16,53341749,.,C,G,29,PASS
OTHER,chr16,88688547,.,T,C,100,PASS
OTHER,chr16,4664833,.,T,G,100,PASS
OTHER,chr16,66947383,.,C,G,100,PASS
OTHER,chr16,2009945,.,C,A,56.04,PASS
OTHER,chr16,16184235,.,G,A,100,PASS
OTHER,chr16,772842,.,T,C,100,PASS
OTHER,chr16,16251599,.,C,T,100,PASS
OTHER,chr16,8738499,.,G,A,100,PASS
OTHER,chr16,70916531,.,C,T,100,PASS
OTHER,chr16,14014240,.,G,A,100,PASS
OTHER,chr16,76592633,.,G,A,57.3,PASS
OTHER,chr16,84213965,.,G,A,100,PASS
OTHER,chr16,22255898,.,C,T,100,PASS
OTHER,chr16,89294511,.,C,T,100,PASS
OTHER,chr16,842826,.,A,G,100,PASS
OTHER,chr16,25255506,.,C,T,100,PASS
OTHER,chr16,3142463,.,A,G,100,PASS
OTHER,chr16,89265095,.,C,T,100,PASS
OTHER,chr17,78444948,.,A,C,100,PASS
OTHER,chr17,80043739,.,A,G,100,PASS
OTHER,chr17,37321961,.,C,T,100,PASS
OTHER,chr17,39594386,.,C,T,100,PASS
OTHER,chr17,72308447,.,G,A,100,PASS
OTHER,chr17,39580559,.,T,A,66.4,PASS
OTHER,chr17,48738266,.,C,T,62.61,PASS
OTHER,chr17,27227959,.,G,T,17.85,PASS
OTHER,chr17,76897974,.,C,T,54.65,PASS
OTHER,chr17,36064897,.,A,G,100,PASS
OTHER,chr17,7474277,.,C,T,100,PASS
OTHER,chr17,72959000,.,G,C,100,PASS
OTHER,chr17,7258481,.,C,T,100,PASS
OTHER,chr17,41165877,.,A,AT,100,PASS
OTHER,chr17,7193255,.,G,A,100,PASS
OTHER,chr17,10222061,.,G,A,100,PASS
OTHER,chr17,34942595,.,G,A,100,PASS
OTHER,chr17,2202178,.,G,C,29.01,PASS
OTHER,chr17,66038181,.,C,G,100,PASS
OTHER,chr17,67170736,.,A,G,100,PASS
OTHER,chr17,39742867,.,T,TC,97.35,PASS
OTHER,chr17,58824567,.,T,C,100,PASS
OTHER,chr17,15496730,.,A,G,100,PASS
OTHER,chr17,73494200,.,G,C,100,PASS
OTHER,chr17,43333821,.,T,G,15.16,PASS
OTHER,chr17,79078526,.,C,G,16.18,PASS
OTHER,chr17,30222002,.,T,C,47.95,PASS
OTHER,chr17,40048495,.,G,GC,28.79,PASS
OTHER,chr17,1960625,.,A,AC,32.82,PASS
OTHER,chr17,27207571,.,C,T,100,PASS
OTHER,chr17,37070658,.,A,G,100,PASS
OTHER,chr17,6544275,.,T,C,100,PASS
OTHER,chr17,10541515,.,C,T,100,PASS
OTHER,chr17,38643780,.,G,A,100,PASS
OTHER,chr17,39622068,.,G,T,100,PASS
OTHER,chr17,11865462,.,G,A,100,PASS
OTHER,chr17,32904586,.,C,T,100,PASS
OTHER,chr17,79108318,.,T,C,100,PASS
OTHER,chr17,61987702,.,C,T,100,PASS
OTHER,chr17,20769995,.,C,T,100,PASS
OTHER,chr17,5066305,.,A,T,100,PASS
OTHER,chr17,79684392,.,C,T,52.34,PASS
OTHER,chr17,73987373,.,T,C,100,PASS
OTHER,chr17,38572366,.,G,A,100,PASS
OTHER,chr17,39020869,.,A,C,100,PASS
OTHER,chr17,57761384,.,CAT,C,100,PASS
OTHER,chr17,38935876,.,C,T,100,PASS
OTHER,chr17,18046058,.,A,C,100,PASS
OTHER,chr17,80861206,.,A,G,100,PASS
OTHER,chr17,74076415,.,G,A,100,PASS
OTHER,chr17,77704912,.,T,C,100,PASS
OTHER,chr17,40716235,.,C,T,100,PASS
OTHER,chr17,76395753,.,G,A,100,PASS
OTHER,chr17,71346353,.,A,C,100,PASS
OTHER,chr17,6946357,.,C,A,67.63,PASS
OTHER,chr17,33464864,.,C,T,100,PASS
OTHER,chr17,36653940,.,A,G,100,PASS
OTHER,chr17,28434826,.,ACTTTTCT,"ACT,AC",100,PASS
OTHER,chr17,8197663,.,T,C,100,PASS
OTHER,chr17,63739352,.,A,G,100,PASS
OTHER,chr17,10243589,.,C,A,100,PASS
OTHER,chr17,19318031,.,A,G,100,PASS
OTHER,chr17,39240781,.,C,G,40.96,PASS
OTHER,chr17,26708304,.,T,G,100,PASS
OTHER,chr17,3430271,.,A,G,100,PASS
OTHER,chr17,18394552,.,G,A,100,PASS
OTHER,chr17,73997639,.,C,A,100,PASS
OTHER,chr17,10318636,.,A,G,100,PASS
OTHER,chr17,3854840,.,G,C,53.2,PASS
OTHER,chr17,7124739,.,CACTGCCCTAGGTCAGGA,C,100,PASS
OTHER,chr17,36059034,.,A,AG,100,PASS
OTHER,chr17,66596463,.,C,T,100,PASS
OTHER,chr17,62041068,.,T,C,100,PASS
OTHER,chr17,41891437,.,G,A,100,PASS
OTHER,chr17,29844658,.,C,G,100,PASS
OTHER,chr17,39394729,.,C,A,100,PASS
OTHER,chr17,8224133,.,T,C,52.65,PASS
OTHER,chr17,48753423,.,C,T,100,PASS
OTHER,chr17,35346641,.,T,C,100,PASS
OTHER,chr17,39406104,.,T,G,83.05,PASS
OTHER,chr17,7404209,.,G,A,100,PASS
OTHER,chr17,30696292,.,C,T,100,PASS
OTHER,chr17,38189793,.,T,C,100,PASS
OTHER,chr17,78971176,.,A,G,100,PASS
OTHER,chr17,79098489,.,G,T,73,PASS
OTHER,chr17,66938260,.,A,G,62.59,PASS
OTHER,chr17,21318918,.,G,A,100,PASS
OTHER,chr17,63554591,.,G,A,100,PASS
OTHER,chr17,8166498,.,G,A,100,PASS
OTHER,chr17,21147376,.,C,A,15.17,PASS
OTHER,chr17,73759304,.,G,T,100,PASS
OTHER,chr17,45894735,.,A,G,100,PASS
OTHER,chr17,80018714,.,C,T,100,PASS
OTHER,chr17,43198166,.,A,AG,100,PASS
OTHER,chr17,48668062,.,A,AG,45.92,PASS
OTHER,chr17,34871721,.,T,C,100,PASS
OTHER,chr17,61886315,.,A,AC,15.13,PASS
OTHER,chr17,73513619,.,C,A,71.59,PASS
OTHER,chr17,10231417,.,C,T,100,PASS
OTHER,chr17,3195503,.,C,T,100,PASS
OTHER,chr17,61607708,.,T,C,100,PASS
OTHER,chr17,76400268,.,C,G,100,PASS
OTHER,chr17,43183028,.,G,A,86.41,PASS
OTHER,chr17,21216758,.,G,GCTTC,100,PASS
OTHER,chr17,33689926,.,T,C,100,PASS
OTHER,chr17,80399176,.,G,A,15.46,PASS
OTHER,chr17,79202950,.,GCCCCCT,"GCCCCT,GCCCCC,GCCCCCC",100,PASS
OTHER,chr17,62048467,.,A,G,100,PASS
OTHER,chr17,79526402,.,G,C,100,PASS
OTHER,chr17,36486004,.,T,C,62.51,PASS
OTHER,chr17,78083726,.,A,G,100,PASS
OTHER,chr17,76867017,.,C,T,100,PASS
OTHER,chr17,54534634,.,G,A,100,PASS
OTHER,chr17,39394755,.,C,A,64.45,PASS
OTHER,chr18,19282515,.,A,ATTTTG,99.36,PASS
OTHER,chr18,77097360,.,A,T,100,PASS
OTHER,chr18,20964921,.,G,A,100,PASS
OTHER,chr18,683116,.,C,G,100,PASS
OTHER,chr18,43578796,.,T,TA,96.94,PASS
OTHER,chr18,70417396,.,C,T,100,PASS
OTHER,chr18,5410574,.,A,G,100,PASS
OTHER,chr18,72113976,.,ACCCCCA,"ACCCCA,ACCCC",100,PASS
OTHER,chr18,71815122,.,G,A,100,PASS
OTHER,chr18,55104016,.,T,C,100,PASS
OTHER,chr18,59203707,.,G,A,100,PASS
OTHER,chr18,18984024,.,A,G,87.73,PASS
OTHER,chr18,7038783,.,C,CCCG,51.15,PASS
OTHER,chr18,56203898,.,T,G,100,PASS
OTHER,chr18,43703223,.,C,G,100,PASS
OTHER,chr18,51880841,.,C,T,100,PASS
OTHER,chr18,55335412,.,A,G,100,PASS
OTHER,chr18,57136902,.,C,A,100,PASS
OTHER,chr18,43252883,.,G,A,100,PASS
OTHER,chr18,8784612,.,A,G,100,PASS
OTHER,chr18,9512985,.,G,A,100,PASS
OTHER,chr18,12453005,.,A,G,100,PASS
OTHER,chr18,11824886,.,T,G,84.16,PASS
OTHER,chr18,23667556,.,G,A,56.38,PASS
OTHER,chr18,44595809,.,A,T,100,PASS
OTHER,chr18,33696772,.,A,C,100,PASS
OTHER,chr18,21120444,.,T,C,100,PASS
OTHER,chr18,72345890,.,A,C,100,PASS
OTHER,chr18,21474827,.,G,A,100,PASS
OTHER,chr18,29104698,.,C,T,100,PASS
OTHER,chr18,3272874,.,T,A,100,PASS
OTHER,chr18,61022791,.,C,T,99.84,PASS
OTHER,chr18,44012970,.,G,A,100,PASS
OTHER,chr18,61233739,.,T,C,100,PASS
OTHER,chr19,6825359,.,G,C,71.44,PASS
OTHER,chr19,55241209,.,C,T,100,PASS
OTHER,chr19,990281,.,G,A,100,PASS
OTHER,chr19,18368810,.,G,T,100,PASS
OTHER,chr19,603769,.,T,C,47.12,PASS
OTHER,chr19,35616316,.,C,T,100,PASS
OTHER,chr19,33498843,.,T,C,100,PASS
OTHER,chr19,48622483,.,A,G,100,PASS
OTHER,chr19,9007630,.,G,A,100,PASS
OTHER,chr19,54783693,.,C,T,100,PASS
OTHER,chr19,50154904,.,A,C,100,PASS
OTHER,chr19,54802693,.,C,T,100,PASS
OTHER,chr19,22486535,.,A,G,100,PASS
OTHER,chr19,55178162,.,A,G,74.83,PASS
OTHER,chr19,9434930,.,T,C,100,PASS
OTHER,chr19,6919434,.,T,C,21.22,PASS
OTHER,chr19,7695620,.,T,C,100,PASS
OTHER,chr19,36258937,.,AG,A,100,PASS
OTHER,chr19,46206262,.,G,A,65.51,PASS
OTHER,chr19,49967680,.,G,A,100,PASS
OTHER,chr19,55142930,.,C,T,77.36,PASS
OTHER,chr19,38709552,.,C,T,83.54,PASS
OTHER,chr19,55324635,.,T,C,100,PASS
OTHER,chr19,45801018,.,T,C,100,PASS
OTHER,chr19,58573083,.,A,G,100,PASS
OTHER,chr19,51455814,.,A,C,58.32,PASS
OTHER,chr19,38877997,.,G,T,100,PASS
OTHER,chr19,8320890,.,T,G,100,PASS
OTHER,chr19,1056492,.,G,C,100,PASS
OTHER,chr19,17283403,.,G,A,100,PASS
OTHER,chr19,3204172,.,A,G,98.58,PASS
OTHER,chr19,3150238,.,A,G,100,PASS
OTHER,chr19,40904602,.,G,A,100,PASS
OTHER,chr19,46856963,.,G,A,100,PASS
OTHER,chr19,18426950,.,T,C,100,PASS
OTHER,chr19,55328820,.,C,G,100,PASS
OTHER,chr19,35719577,.,G,A,100,PASS
OTHER,chr19,9213132,.,A,G,100,PASS
OTHER,chr19,46180414,.,G,T,100,PASS
OTHER,chr19,53669273,.,T,C,100,PASS
OTHER,chr19,17534768,.,G,T,46.33,PASS
OTHER,chr19,44500478,.,A,T,100,PASS
OTHER,chr19,3196124,.,C,G,15.59,PASS
OTHER,chr19,49644593,.,C,T,100,PASS
OTHER,chr19,41097276,.,C,G,100,PASS
OTHER,chr19,16345099,.,T,C,100,PASS
OTHER,chr19,17666919,.,C,T,100,PASS
OTHER,chr19,9213026,.,T,C,100,PASS
OTHER,chr19,55386890,.,A,G,100,PASS
OTHER,chr19,2933480,.,C,T,100,PASS
OTHER,chr19,36242998,.,C,T,100,PASS
OTHER,chr19,1970021,.,C,T,100,PASS
OTHER,chr19,6468331,.,T,C,100,PASS
OTHER,chr19,4352763,.,C,T,70.67,PASS
OTHER,chr19,13883099,.,A,G,100,PASS
OTHER,chr19,1109465,.,G,C,72.63,PASS
OTHER,chr19,3193146,.,C,G,95,PASS
OTHER,chr19,55329901,.,A,G,100,PASS
OTHER,chr19,13002400,.,G,C,100,PASS
OTHER,chr19,48622362,.,G,T,30.97,PASS
OTHER,chr19,51413906,.,A,T,100,PASS
OTHER,chr19,4859937,.,T,C,100,PASS
OTHER,chr19,4954454,.,C,T,100,PASS
OTHER,chr19,43999634,.,A,C,100,PASS
OTHER,chr19,2833587,.,C,G,100,PASS
OTHER,chr19,9003706,.,T,G,100,PASS
OTHER,chr19,58951096,.,G,A,100,PASS
OTHER,chr19,51518222,.,G,A,100,PASS
OTHER,chr19,44564981,.,G,A,100,PASS
OTHER,chr19,49658390,.,T,C,100,PASS
OTHER,chr19,55539072,.,T,G,100,PASS
OTHER,chr19,14139004,.,A,G,100,PASS
OTHER,chr19,10421385,.,G,C,80.58,PASS
OTHER,chr19,1496263,.,A,G,100,PASS
OTHER,chr19,11350488,.,C,T,100,PASS
OTHER,chr19,51656454,.,A,T,100,PASS
OTHER,chr19,33700445,.,C,T,100,PASS
OTHER,chr19,18897440,.,T,C,100,PASS
OTHER,chr19,35524824,.,T,C,100,PASS
OTHER,chr19,35615995,.,C,T,100,PASS
OTHER,chr19,7936208,.,A,G,100,PASS
OTHER,chr19,44840789,.,T,C,39.37,PASS
OTHER,chr19,44832992,.,C,G,100,PASS
OTHER,chr19,52888620,.,T,G,100,PASS
OTHER,chr19,1005598,.,T,C,61.77,PASS
OTHER,chr19,33467620,.,T,C,100,PASS
OTHER,chr19,1785772,.,T,C,100,PASS
OTHER,chr19,3613596,.,A,G,89.33,PASS
OTHER,chr19,47774665,.,TGAG,T,100,PASS
OTHER,chr19,13397560,.,C,T,43.02,PASS
OTHER,chr19,10970558,.,A,G,100,PASS
OTHER,chr19,34884108,.,G,C,28.59,PASS
OTHER,chr19,55286809,.,G,A,75.63,PASS
OTHER,chr19,49376584,.,G,A,100,PASS
OTHER,chr19,14910440,.,G,A,100,PASS
OTHER,chr19,38077661,.,G,A,100,PASS
OTHER,chr19,7621475,.,T,G,54.56,PASS
OTHER,chr19,55711543,.,G,A,100,PASS
OTHER,chr19,9087758,.,G,A,100,PASS
OTHER,chr19,42906273,.,C,G,100,PASS
OTHER,chr19,41060616,.,A,G,45.28,PASS
OTHER,chr19,56520129,.,G,A,100,PASS
OTHER,chr19,22155520,.,A,G,100,PASS
OTHER,chr19,43922061,.,A,G,100,PASS
OTHER,chr19,51914388,.,T,C,16.1,PASS
OTHER,chr19,3740658,.,T,G,100,PASS
OTHER,chr19,55143491,.,G,T,100,PASS
OTHER,chr19,2341047,.,C,T,100,PASS
OTHER,chr19,11227602,.,C,T,100,PASS
OTHER,chr19,17015100,.,G,"A,C",100,PASS
OTHER,chr19,2834808,.,T,C,100,PASS
OTHER,chr19,52004743,.,G,A,100,PASS
OTHER,chr19,15166746,.,A,T,19.06,PASS
OTHER,chr19,2226772,.,G,C,57.72,PASS
OTHER,chr19,14779550,.,C,A,100,PASS
OTHER,chr19,18747928,.,GGC,"G,GG",100,PASS
OTHER,chr19,56538976,.,G,C,100,PASS
OTHER,chr19,53352359,.,A,G,100,PASS
OTHER,chr19,5915174,.,GGGGC,G,100,PASS
OTHER,chr19,55143157,.,G,A,100,PASS
OTHER,chr19,15997137,.,C,A,42.43,PASS
OTHER,chr19,39915758,.,C,G,100,PASS
OTHER,chr19,16338532,.,G,A,100,PASS
OTHER,chr19,53302899,.,G,C,52.31,PASS
OTHER,chr19,17887024,.,T,C,100,PASS
OTHER,chr19,2250528,.,G,A,100,PASS
OTHER,chr19,43699336,.,T,C,100,PASS
OTHER,chr19,55512137,.,C,A,100,PASS
OTHER,chr19,33620993,.,T,TCC,100,PASS
OTHER,chr19,41622107,.,G,GC,100,PASS
OTHER,chr19,5784314,.,G,A,100,PASS
OTHER,chr19,55294969,.,A,G,100,PASS
OTHER,chr19,51628374,.,A,AC,100,PASS
OTHER,chr19,39926521,.,G,A,100,PASS
OTHER,chr19,8176640,.,C,T,88.6,PASS
OTHER,chr19,5265222,.,G,A,66.94,PASS
OTHER,chr19,9868686,.,T,A,100,PASS
OTHER,chr19,18232778,.,A,G,100,PASS
OTHER,chr19,52888030,.,T,A,70.76,PASS
OTHER,chr19,45495682,.,A,G,45.46,PASS
OTHER,chr19,10600442,.,G,C,100,PASS
OTHER,chr19,45157113,.,A,AG,100,PASS
OTHER,chr19,51485622,.,A,G,100,PASS
OTHER,chr19,12996603,.,G,A,44.29,PASS
OTHER,chr19,19648346,.,G,C,100,PASS
OTHER,chr19,50766707,.,T,C,100,PASS
OTHER,chr19,9002113,.,A,G,100,PASS
OTHER,chr19,55441995,.,A,G,64.74,PASS
OTHER,chr19,14092911,.,G,A,100,PASS
OTHER,chr19,50099031,.,C,A,27.73,PASS
OTHER,chr19,13008607,.,G,T,100,PASS
OTHER,chr19,9049339,.,C,G,100,PASS
OTHER,chr19,40368499,.,A,C,100,PASS
OTHER,chr19,1011823,.,A,G,100,PASS
OTHER,chr19,40886223,.,G,A,84.41,PASS
OTHER,chr19,53667913,.,A,G,100,PASS
OTHER,chr19,57752326,.,C,G,100,PASS
OTHER,chr19,20808149,.,A,G,100,PASS
OTHER,chr19,45024581,.,C,G,100,PASS
OTHER,chr19,46268902,.,C,T,100,PASS
OTHER,chr19,7831700,.,G,C,100,PASS
OTHER,chr19,3201734,.,G,A,31.2,PASS
OTHER,chr19,48304891,.,A,G,100,PASS
OTHER,chr19,57922713,.,C,G,100,PASS
OTHER,chr19,55707875,.,C,T,100,PASS
OTHER,chr19,6477324,.,G,C,100,PASS
OTHER,chr19,38621473,.,G,A,100,PASS
OTHER,chr19,19369435,.,A,G,84.7,PASS
OTHER,chr19,3544609,.,GAA,"G,GAAG",100,PASS
OTHER,chr19,55329783,.,A,G,100,PASS
OTHER,chr19,1079959,.,G,A,100,PASS
OTHER,chr19,15989730,.,T,C,19.74,PASS
OTHER,chr19,35420841,.,A,G,100,PASS
OTHER,chr19,56012597,.,A,G,93.55,PASS
OTHER,chr19,8321182,.,A,T,100,PASS
OTHER,chr19,9076278,.,G,A,100,PASS
OTHER,chr2,74757494,.,T,G,18.4,PASS
OTHER,chr2,28854795,.,C,T,100,PASS
OTHER,chr2,136379194,.,G,T,75.75,PASS
OTHER,chr2,166774101,.,T,C,100,PASS
OTHER,chr2,98355947,.,G,A,85.56,PASS
OTHER,chr2,141751592,.,G,A,100,PASS
OTHER,chr2,189904203,.,A,G,100,PASS
OTHER,chr2,216299571,.,T,TTAC,100,PASS
OTHER,chr2,65495887,.,G,A,100,PASS
OTHER,chr2,33748838,.,A,G,100,PASS
OTHER,chr2,127944781,.,A,AC,100,PASS
OTHER,chr2,140992340,.,A,T,42.22,PASS
OTHER,chr2,86364706,.,TG,T,100,PASS
OTHER,chr2,241439329,.,G,T,100,PASS
OTHER,chr2,100454072,.,C,"CT,T",100,PASS
OTHER,chr2,130951949,.,G,A,100,PASS
OTHER,chr2,100218080,.,G,A,100,PASS
OTHER,chr2,242662761,.,T,C,100,PASS
OTHER,chr2,3504687,.,A,G,100,PASS
OTHER,chr2,48898798,.,T,A,100,PASS
OTHER,chr2,204111394,.,T,C,100,PASS
OTHER,chr2,21245813,.,G,A,100,PASS
OTHER,chr2,44079004,.,T,C,100,PASS
OTHER,chr2,85571710,.,A,G,100,PASS
OTHER,chr2,102792760,.,A,G,83.61,PASS
OTHER,chr2,171850504,.,T,C,99.02,PASS
OTHER,chr2,152475938,.,T,G,100,PASS
OTHER,chr2,103125457,.,A,G,100,PASS
OTHER,chr2,128324125,.,C,CT,100,PASS
OTHER,chr2,185801755,.,A,G,100,PASS
OTHER,chr2,113783909,.,A,T,100,PASS
OTHER,chr2,137917922,.,T,A,86.66,PASS
OTHER,chr2,85890771,.,T,G,100,PASS
OTHER,chr2,220246218,.,T,C,100,PASS
OTHER,chr2,241831296,.,C,G,100,PASS
OTHER,chr2,97530939,.,A,C,25.65,PASS
OTHER,chr2,121713030,.,G,A,100,PASS
OTHER,chr2,102018908,.,A,G,100,PASS
OTHER,chr2,216878008,.,C,G,100,PASS
OTHER,chr2,159651734,.,A,G,100,PASS
OTHER,chr2,127826632,.,A,G,100,PASS
OTHER,chr2,54587659,.,G,C,100,PASS
OTHER,chr2,172865009,.,T,A,55.25,PASS
OTHER,chr2,68388803,.,G,T,39.1,PASS
OTHER,chr2,158637137,.,A,G,100,PASS
OTHER,chr2,85818886,.,C,T,100,PASS
OTHER,chr2,55805440,.,T,C,100,PASS
OTHER,chr2,23865260,.,T,C,100,PASS
OTHER,chr2,128079527,.,C,T,100,PASS
OTHER,chr2,201371768,.,G,T,100,PASS
OTHER,chr2,231149108,.,G,A,100,PASS
OTHER,chr2,218712726,.,A,G,100,PASS
OTHER,chr2,39082306,.,G,T,41.96,PASS
OTHER,chr2,37406644,.,A,G,100,PASS
OTHER,chr2,202122995,.,A,G,68.52,PASS
OTHER,chr2,1926437,.,G,T,100,PASS
OTHER,chr2,27440785,.,C,T,100,PASS
OTHER,chr2,202271991,.,T,C,100,PASS
OTHER,chr2,31415966,.,C,T,100,PASS
OTHER,chr2,71160054,.,C,T,16.24,PASS
OTHER,chr2,241534381,.,A,G,100,PASS
OTHER,chr2,233245026,.,G,A,100,PASS
OTHER,chr2,216243650,.,A,G,100,PASS
OTHER,chr2,241468605,.,G,T,100,PASS
OTHER,chr2,73994074,.,G,A,100,PASS
OTHER,chr2,133541107,.,T,A,94.17,PASS
OTHER,chr2,85824039,.,G,A,100,PASS
OTHER,chr2,27861811,.,A,C,100,PASS
OTHER,chr2,172546911,.,C,A,38.9,PASS
OTHER,chr2,209184999,.,C,T,100,PASS
OTHER,chr2,69741753,.,CTGT,C,100,PASS
OTHER,chr2,97864333,.,C,A,100,PASS
OTHER,chr2,27292651,.,T,C,100,PASS
OTHER,chr2,190611459,.,A,G,100,PASS
OTHER,chr2,166172317,.,A,G,100,PASS
OTHER,chr2,10045147,.,A,G,100,PASS
OTHER,chr2,216199881,.,T,G,100,PASS
OTHER,chr2,118706879,.,A,G,100,PASS
OTHER,chr2,239051550,.,T,C,100,PASS
OTHER,chr2,152490219,.,A,G,100,PASS
OTHER,chr2,42396722,.,A,G,100,PASS
OTHER,chr2,39025555,.,G,A,100,PASS
OTHER,chr2,219142773,.,C,T,100,PASS
OTHER,chr2,219545309,.,T,C,100,PASS
OTHER,chr2,47220622,.,G,A,100,PASS
OTHER,chr2,190593311,.,C,G,100,PASS
OTHER,chr2,68546374,.,T,C,96.23,PASS
OTHER,chr2,106742177,.,T,A,100,PASS
OTHER,chr2,185801747,.,G,A,100,PASS
OTHER,chr2,55873529,.,CA,C,99.07,PASS
OTHER,chr2,25064193,.,G,A,100,PASS
OTHER,chr2,201768238,.,C,T,100,PASS
OTHER,chr2,170531614,.,A,G,100,PASS
OTHER,chr2,207008763,.,C,A,100,PASS
OTHER,chr2,103013388,.,TG,T,100,PASS
OTHER,chr2,152346978,.,A,AC,100,PASS
OTHER,chr2,26647277,.,T,G,100,PASS
OTHER,chr2,216299551,.,C,A,100,PASS
OTHER,chr2,234622429,.,T,C,100,PASS
OTHER,chr2,75923413,.,T,C,100,PASS
OTHER,chr2,70064927,.,C,A,100,PASS
OTHER,chr2,160084473,.,A,C,100,PASS
OTHER,chr2,198266943,.,C,T,100,PASS
OTHER,chr2,3653842,.,C,A,100,PASS
OTHER,chr2,197737587,.,T,G,48.33,PASS
OTHER,chr2,24108652,.,T,C,100,PASS
OTHER,chr2,111907691,.,T,C,100,PASS
OTHER,chr2,113404708,.,G,A,100,PASS
OTHER,chr2,219920412,.,A,G,100,PASS
OTHER,chr2,70187727,.,A,C,100,PASS
OTHER,chr2,109408208,.,G,A,100,PASS
OTHER,chr2,46986416,.,A,G,100,PASS
OTHER,chr2,189932831,.,T,C,100,PASS
OTHER,chr2,24432667,.,C,G,100,PASS
OTHER,chr2,121995151,.,T,C,100,PASS
OTHER,chr2,27263122,.,T,C,100,PASS
OTHER,chr2,167144995,.,T,C,100,PASS
OTHER,chr2,202013826,.,A,T,100,PASS
OTHER,chr2,158626980,.,C,T,100,PASS
OTHER,chr2,231865144,.,G,C,100,PASS
OTHER,chr2,160035207,.,T,C,100,PASS
OTHER,chr2,220430203,.,C,T,100,PASS
OTHER,chr2,218712306,.,C,T,100,PASS
OTHER,chr2,120830815,.,A,G,100,PASS
OTHER,chr2,197986048,.,T,C,100,PASS
OTHER,chr2,196722541,.,C,G,100,PASS
OTHER,chr2,109099572,.,C,G,100,PASS
OTHER,chr2,242082222,.,C,A,100,PASS
OTHER,chr2,39050141,.,A,C,100,PASS
OTHER,chr2,26798893,.,A,T,100,PASS
OTHER,chr2,170762487,.,C,T,100,PASS
OTHER,chr2,28865760,.,T,C,100,PASS
OTHER,chr2,47357236,.,A,G,100,PASS
OTHER,chr2,170784049,.,G,A,100,PASS
OTHER,chr2,241830969,.,G,A,100,PASS
OTHER,chr2,220028900,.,A,G,100,PASS
OTHER,chr20,23731494,.,A,G,100,PASS
OTHER,chr20,16359567,.,A,G,100,PASS
OTHER,chr20,25271086,.,T,C,100,PASS
OTHER,chr20,1610790,.,G,A,56.15,PASS
OTHER,chr20,62326110,.,A,C,100,PASS
OTHER,chr20,62234240,.,C,T,100,PASS
OTHER,chr20,56099305,.,G,A,85.09,PASS
OTHER,chr20,18393275,.,C,T,100,PASS
OTHER,chr20,5987267,.,A,T,34.49,PASS
OTHER,chr20,42966025,.,T,C,100,PASS
OTHER,chr20,47604825,.,G,A,100,PASS
OTHER,chr20,7887025,.,G,C,100,PASS
OTHER,chr20,1610812,.,G,A,59.04,PASS
OTHER,chr20,49196284,.,C,T,100,PASS
OTHER,chr20,62598815,.,C,T,100,PASS
OTHER,chr20,25257462,.,G,A,100,PASS
OTHER,chr20,744450,.,G,A,100,PASS
OTHER,chr20,24524218,.,C,G,100,PASS
OTHER,chr20,3657804,.,T,A,100,PASS
OTHER,chr20,3007492,.,T,C,100,PASS
OTHER,chr20,19565671,.,G,A,100,PASS
OTHER,chr20,31644520,.,T,C,100,PASS
OTHER,chr20,42744587,.,G,C,18.6,PASS
OTHER,chr20,1291393,.,A,G,100,PASS
OTHER,chr20,61981554,.,C,A,100,PASS
OTHER,chr20,42208522,.,T,G,100,PASS
OTHER,chr20,36938878,.,T,C,100,PASS
OTHER,chr20,3211064,.,A,C,100,PASS
OTHER,chr20,60768615,.,G,A,100,PASS
OTHER,chr20,24645939,.,G,A,100,PASS
OTHER,chr20,37357362,.,C,T,29.03,PASS
OTHER,chr20,16730464,.,T,C,100,PASS
OTHER,chr20,2638882,.,T,C,100,PASS
OTHER,chr20,25190598,.,A,G,100,PASS
OTHER,chr20,25258916,.,G,GCCCTGGGACTGGGTCATGGGGCATGTGCC,100,PASS
OTHER,chr20,60791404,.,C,T,100,PASS
OTHER,chr20,60900579,.,C,A,100,PASS
OTHER,chr20,17599214,.,T,C,100,PASS
OTHER,chr20,54578843,.,C,G,100,PASS
OTHER,chr20,1277099,.,G,A,100,PASS
OTHER,chr20,3784110,.,C,T,100,PASS
OTHER,chr20,3147024,.,G,A,100,PASS
OTHER,chr20,33857711,.,A,C,100,PASS
OTHER,chr20,13755996,.,T,C,100,PASS
OTHER,chr20,45816649,.,C,T,26.51,PASS
OTHER,chr20,60992402,.,G,A,100,PASS
OTHER,chr20,43530234,.,A,C,100,PASS
OTHER,chr20,126310,.,ACC,A,100,PASS
OTHER,chr20,23350879,.,A,C,22.35,PASS
OTHER,chr20,43803725,.,T,A,100,PASS
OTHER,chr20,2840773,.,C,T,100,PASS
OTHER,chr21,46957794,.,T,C,100,PASS
OTHER,chr21,47786817,.,C,G,100,PASS
OTHER,chr21,34975850,.,T,C,100,PASS
OTHER,chr21,46951556,.,A,G,100,PASS
OTHER,chr21,31812828,.,C,T,100,PASS
OTHER,chr21,39870310,.,G,A,100,PASS
OTHER,chr21,46897214,.,C,T,100,PASS
OTHER,chr21,34823252,.,C,T,100,PASS
OTHER,chr21,37580881,.,C,T,100,PASS
OTHER,chr21,43239972,.,A,G,100,PASS
OTHER,chr21,43504228,.,T,C,100,PASS
OTHER,chr21,45942111,.,A,G,100,PASS
OTHER,chr21,42845383,.,A,G,67.16,PASS
OTHER,chr21,45834025,.,T,C,100,PASS
OTHER,chr21,15516948,.,C,T,100,PASS
OTHER,chr21,45999991,.,A,C,21.39,PASS
OTHER,chr21,44515685,.,T,C,100,PASS
OTHER,chr21,46932383,.,G,A,100,PASS
OTHER,chr21,45799164,.,T,C,100,PASS
OTHER,chr21,35190802,.,T,C,100,PASS
OTHER,chr21,43522349,.,T,C,100,PASS
OTHER,chr21,47614469,.,A,C,100,PASS
OTHER,chr22,25270455,.,G,C,100,PASS
OTHER,chr22,19119751,.,C,T,100,PASS
OTHER,chr22,45826880,.,G,A,100,PASS
OTHER,chr22,43565443,.,C,T,100,PASS
OTHER,chr22,32554985,.,A,G,100,PASS
OTHER,chr22,19960198,.,G,C,100,PASS
OTHER,chr22,37491545,.,T,C,100,PASS
OTHER,chr22,44285765,.,A,G,100,PASS
OTHER,chr22,50646936,.,G,C,100,PASS
OTHER,chr22,26862212,.,T,C,100,PASS
OTHER,chr22,30776095,.,C,T,100,PASS
OTHER,chr22,26388337,.,C,T,100,PASS
OTHER,chr22,18111431,.,T,C,43.32,PASS
OTHER,chr22,44594476,.,T,C,100,PASS
OTHER,chr22,50588131,.,C,T,100,PASS
OTHER,chr22,50885893,.,CCA,C,100,PASS
OTHER,chr22,37578214,.,T,C,100,PASS
OTHER,chr22,38041015,.,C,T,100,PASS
OTHER,chr22,32795641,.,C,T,100,PASS
OTHER,chr22,43447891,.,C,T,50.7,PASS
OTHER,chr22,19870831,.,C,T,100,PASS
OTHER,chr22,28692343,.,G,A,64.26,PASS
OTHER,chr22,24109550,.,T,C,100,PASS
OTHER,chr22,32625210,.,C,T,100,PASS
OTHER,chr22,50356850,.,C,T,100,PASS
OTHER,chr22,45255580,.,G,C,27.69,PASS
OTHER,chr22,35782659,.,C,T,100,PASS
OTHER,chr22,29966083,.,C,T,100,PASS
OTHER,chr22,42609148,.,T,C,100,PASS
OTHER,chr22,36690113,.,G,A,100,PASS
OTHER,chr22,37330082,.,T,C,100,PASS
OTHER,chr22,22868497,.,G,C,100,PASS
OTHER,chr22,24108288,.,C,G,100,PASS
OTHER,chr22,45309653,.,C,T,100,PASS
OTHER,chr22,26228797,.,A,G,100,PASS
OTHER,chr3,17275173,.,G,C,67.26,PASS
OTHER,chr3,133167363,.,G,A,52.86,PASS
OTHER,chr3,109049384,.,T,C,100,PASS
OTHER,chr3,88190768,.,C,A,100,PASS
OTHER,chr3,64527465,.,C,T,100,PASS
OTHER,chr3,125650409,.,G,A,20.78,PASS
OTHER,chr3,119904315,.,G,C,100,PASS
OTHER,chr3,42234758,.,C,A,56.21,PASS
OTHER,chr3,121228833,.,A,C,100,PASS
OTHER,chr3,3076284,.,G,C,100,PASS
OTHER,chr3,75786741,.,A,G,100,PASS
OTHER,chr3,172063933,.,A,G,100,PASS
OTHER,chr3,164766816,.,C,A,100,PASS
OTHER,chr3,44670617,.,C,A,100,PASS
OTHER,chr3,172165727,.,C,T,100,PASS
OTHER,chr3,48691316,.,T,C,100,PASS
OTHER,chr3,4738774,.,A,G,100,PASS
OTHER,chr3,196674307,.,C,T,100,PASS
OTHER,chr3,19930003,.,G,A,100,PASS
OTHER,chr3,36896653,.,G,C,100,PASS
OTHER,chr3,109178758,.,C,T,100,PASS
OTHER,chr3,160130110,.,G,A,50.29,PASS
OTHER,chr3,167747022,.,C,T,100,PASS
OTHER,chr3,33216350,.,G,A,100,PASS
OTHER,chr3,126365127,.,C,CT,100,PASS
OTHER,chr3,46658872,.,G,T,100,PASS
OTHER,chr3,48462461,.,A,G,100,PASS
OTHER,chr3,46967040,.,G,A,100,PASS
OTHER,chr3,113135543,.,G,A,92.96,PASS
OTHER,chr3,69245454,.,T,C,100,PASS
OTHER,chr3,44283808,.,C,A,100,PASS
OTHER,chr3,118909987,.,C,"A,T",100,PASS
OTHER,chr3,138033181,.,C,T,100,PASS
OTHER,chr3,55038898,.,A,G,100,PASS
OTHER,chr3,108403198,.,T,C,37.82,PASS
OTHER,chr3,9798773,.,C,G,65.24,PASS
OTHER,chr3,75786827,.,A,T,100,PASS
OTHER,chr3,12531168,.,A,G,100,PASS
OTHER,chr3,132360883,.,C,T,100,PASS
OTHER,chr3,197483279,.,A,G,100,PASS
OTHER,chr3,170727739,.,T,A,100,PASS
OTHER,chr3,132172395,.,C,T,100,PASS
OTHER,chr3,14188762,.,G,C,100,PASS
OTHER,chr3,148872987,.,G,A,100,PASS
OTHER,chr3,45772772,.,G,A,100,PASS
OTHER,chr3,3215954,.,A,G,100,PASS
OTHER,chr3,190995847,.,T,C,100,PASS
OTHER,chr3,189712010,.,G,A,100,PASS
OTHER,chr3,75787809,.,T,C,29.86,PASS
OTHER,chr3,122145810,.,T,A,100,PASS
OTHER,chr3,187088926,.,G,A,100,PASS
OTHER,chr3,44612050,.,C,T,100,PASS
OTHER,chr3,108682218,.,A,G,100,PASS
OTHER,chr3,183951135,.,C,T,100,PASS
OTHER,chr3,9962157,.,T,C,100,PASS
OTHER,chr3,72495777,.,C,G,100,PASS
OTHER,chr3,31677395,.,T,G,100,PASS
OTHER,chr3,14190237,.,T,G,100,PASS
OTHER,chr3,47043386,.,C,T,100,PASS
OTHER,chr3,12845158,.,G,A,100,PASS
OTHER,chr3,169574465,.,T,G,41.56,PASS
OTHER,chr3,145794776,.,CTTTA,C,100,PASS
OTHER,chr3,142522753,.,A,T,100,PASS
OTHER,chr3,48576483,.,C,G,100,PASS
OTHER,chr3,9944379,.,G,T,100,PASS
OTHER,chr3,157160061,.,A,C,100,PASS
OTHER,chr3,13538516,.,T,C,18.64,PASS
OTHER,chr3,40498845,.,C,T,100,PASS
OTHER,chr3,48506176,.,T,A,33.04,PASS
OTHER,chr3,119886776,.,T,A,100,PASS
OTHER,chr3,14555367,.,T,C,100,PASS
OTHER,chr3,69111488,.,A,T,100,PASS
OTHER,chr3,3209655,.,A,T,100,PASS
OTHER,chr3,16450872,.,T,C,100,PASS
OTHER,chr3,183951431,.,C,T,87.08,PASS
OTHER,chr3,57454887,.,T,A,100,PASS
OTHER,chr3,195518330,.,C,G,100,PASS
OTHER,chr3,126158529,.,G,C,18.69,PASS
OTHER,chr3,45559519,.,T,C,100,PASS
OTHER,chr3,170715830,.,G,A,100,PASS
OTHER,chr3,38521156,.,T,C,100,PASS
OTHER,chr3,164777677,.,T,G,100,PASS
OTHER,chr3,56627048,.,A,G,100,PASS
OTHER,chr3,129303436,.,T,G,15.55,PASS
OTHER,chr3,145917761,.,T,C,100,PASS
OTHER,chr3,47038135,.,C,"CA,CAG",100,PASS
OTHER,chr3,49689210,.,G,A,100,PASS
OTHER,chr3,49739086,.,C,T,100,PASS
OTHER,chr3,108403086,.,T,C,100,PASS
OTHER,chr3,49450449,.,C,T,100,PASS
OTHER,chr3,121353291,.,G,A,52.36,PASS
OTHER,chr3,75788366,.,C,A,100,PASS
OTHER,chr3,46775608,.,A,G,100,PASS
OTHER,chr4,1713586,.,G,A,100,PASS
OTHER,chr4,72622403,.,A,C,100,PASS
OTHER,chr4,185655192,.,G,C,100,PASS
OTHER,chr4,187557893,.,T,C,100,PASS
OTHER,chr4,74014809,.,A,C,100,PASS
OTHER,chr4,153565641,.,A,G,100,PASS
OTHER,chr4,110446454,.,A,G,100,PASS
OTHER,chr4,156847230,.,A,G,100,PASS
OTHER,chr4,103225513,.,T,C,100,PASS
OTHER,chr4,115544714,.,A,G,100,PASS
OTHER,chr4,8605933,.,A,G,63.95,PASS
OTHER,chr4,184426526,.,A,G,100,PASS
OTHER,chr4,57211352,.,T,C,31.62,PASS
OTHER,chr4,25831678,.,G,A,100,PASS
OTHER,chr4,86921612,.,C,G,100,PASS
OTHER,chr4,187518980,.,T,C,100,PASS
OTHER,chr4,155287317,.,G,C,100,PASS
OTHER,chr4,167012506,.,A,G,100,PASS
OTHER,chr4,109735133,.,T,C,100,PASS
OTHER,chr4,84205618,.,A,C,99.27,PASS
OTHER,chr4,70803380,.,T,A,28.58,PASS
OTHER,chr4,57189498,.,G,A,100,PASS
OTHER,chr4,47524949,.,T,A,27.87,PASS
OTHER,chr4,83838217,.,G,A,100,PASS
OTHER,chr4,113359703,.,A,G,100,PASS
OTHER,chr4,87277,.,G,C,100,PASS
OTHER,chr4,155295076,.,A,G,100,PASS
OTHER,chr4,100052733,.,C,A,100,PASS
OTHER,chr4,177073026,.,G,A,100,PASS
OTHER,chr4,147110652,.,C,T,100,PASS
OTHER,chr4,77987351,.,A,G,100,PASS
OTHER,chr4,167675635,.,G,A,100,PASS
OTHER,chr4,39116911,.,T,C,100,PASS
OTHER,chr4,187627792,.,T,C,100,PASS
OTHER,chr4,103911069,.,C,A,100,PASS
OTHER,chr4,79455733,.,C,T,100,PASS
OTHER,chr4,141600320,.,A,G,100,PASS
OTHER,chr4,70811806,.,T,C,100,PASS
OTHER,chr4,6293237,.,C,G,100,PASS
OTHER,chr4,15539779,.,C,T,100,PASS
OTHER,chr4,158238830,.,T,C,100,PASS
OTHER,chr4,156135676,.,C,T,100,PASS
OTHER,chr4,122261495,.,C,A,100,PASS
OTHER,chr4,100504664,.,T,C,51.58,PASS
OTHER,chr4,55161391,.,T,C,100,PASS
OTHER,chr4,2438492,.,T,C,47.12,PASS
OTHER,chr4,2178149,.,G,A,83.48,PASS
OTHER,chr4,119736598,.,C,T,100,PASS
OTHER,chr4,126240510,.,T,C,100,PASS
OTHER,chr4,95199901,.,A,G,100,PASS
OTHER,chr4,10502937,.,T,G,100,PASS
OTHER,chr4,1719508,.,G,A,49.53,PASS
OTHER,chr4,140217010,.,G,C,47.77,PASS
OTHER,chr4,68784774,.,T,C,100,PASS
OTHER,chr4,166978220,.,G,C,100,PASS
OTHER,chr4,983060,.,T,C,100,PASS
OTHER,chr4,88584148,.,C,T,100,PASS
OTHER,chr4,146572140,.,G,A,52.67,PASS
OTHER,chr4,185637894,.,C,A,100,PASS
OTHER,chr4,39064162,.,A,C,100,PASS
OTHER,chr4,70146230,.,G,A,100,PASS
OTHER,chr4,152679816,.,A,G,100,PASS
OTHER,chr4,153245269,.,G,A,52.52,PASS
OTHER,chr4,7436486,.,C,A,100,PASS
OTHER,chr4,6578487,.,A,G,100,PASS
OTHER,chr4,69879718,.,A,G,100,PASS
OTHER,chr4,169212748,.,G,A,100,PASS
OTHER,chr4,171009360,.,A,G,100,PASS
OTHER,chr4,9446325,.,AG,"A,AA",100,PASS
OTHER,chr4,123280860,.,T,C,100,PASS
OTHER,chr4,115589302,.,A,G,100,PASS
OTHER,chr4,140587263,.,C,T,100,PASS
OTHER,chr4,38776491,.,T,G,100,PASS
OTHER,chr4,68780512,.,C,A,100,PASS
OTHER,chr4,8608934,.,C,T,100,PASS
OTHER,chr4,17625209,.,G,C,100,PASS
OTHER,chr4,76809319,.,A,G,100,PASS
OTHER,chr4,120481431,.,T,C,100,PASS
OTHER,chr4,156632391,.,A,G,100,PASS
OTHER,chr4,10573410,.,C,A,100,PASS
OTHER,chr4,48492135,.,T,C,100,PASS
OTHER,chr4,46314593,.,T,C,100,PASS
OTHER,chr4,95170839,.,G,A,100,PASS
OTHER,chr4,8602793,.,T,C,100,PASS
OTHER,chr4,1818594,.,C,T,100,PASS
OTHER,chr4,178257516,.,G,A,100,PASS
OTHER,chr4,68788719,.,T,C,100,PASS
OTHER,chr4,187534542,.,T,A,100,PASS
OTHER,chr4,7691193,.,G,C,100,PASS
OTHER,chr4,42580442,.,T,C,100,PASS
OTHER,chr4,166034023,.,A,C,16.76,PASS
OTHER,chr4,123843716,.,T,C,100,PASS
OTHER,chr4,119718988,.,C,T,100,PASS
OTHER,chr4,170038576,.,A,T,100,PASS
OTHER,chr4,169433327,.,G,A,100,PASS
OTHER,chr4,183814169,.,A,G,58.06,PASS
OTHER,chr4,37828186,.,C,T,100,PASS
OTHER,chr4,663908,.,A,G,100,PASS
OTHER,chr4,106196951,.,A,G,100,PASS
OTHER,chr4,10447640,.,A,G,100,PASS
OTHER,chr4,169931268,.,G,A,100,PASS
OTHER,chr4,81529518,.,T,C,100,PASS
OTHER,chr4,169432841,.,G,A,100,PASS
OTHER,chr4,38830350,.,A,G,100,PASS
OTHER,chr5,110679657,.,C,G,100,PASS
OTHER,chr5,132432075,.,G,A,100,PASS
OTHER,chr5,152873649,.,A,G,100,PASS
OTHER,chr5,73160775,.,A,G,100,PASS
OTHER,chr5,65892594,.,C,T,85.49,PASS
OTHER,chr5,96121715,.,C,T,100,PASS
OTHER,chr5,140774288,.,T,C,100,PASS
OTHER,chr5,142680344,.,C,A,24.89,PASS
OTHER,chr5,179225324,.,G,A,100,PASS
OTHER,chr5,159665485,.,G,C,100,PASS
OTHER,chr5,80631511,.,G,A,100,PASS
OTHER,chr5,148562981,.,C,A,100,PASS
OTHER,chr5,140710461,.,T,C,100,PASS
OTHER,chr5,171568,.,CT,"C,CC",100,PASS
OTHER,chr5,149006518,.,TCAGTGG,T,100,PASS
OTHER,chr5,467144,.,T,C,100,PASS
OTHER,chr5,133902288,.,C,T,100,PASS
OTHER,chr5,156721863,.,T,TC,100,PASS
OTHER,chr5,96121524,.,C,T,100,PASS
OTHER,chr5,179994252,.,C,T,100,PASS
OTHER,chr5,131325888,.,A,G,100,PASS
OTHER,chr5,134369258,.,G,A,79.7,PASS
OTHER,chr5,179043041,.,C,G,100,PASS
OTHER,chr5,154306972,.,T,C,100,PASS
OTHER,chr5,176733116,.,A,G,100,PASS
OTHER,chr5,81474225,.,A,T,100,PASS
OTHER,chr5,94619545,.,G,GC,100,PASS
OTHER,chr5,173383194,.,C,A,100,PASS
OTHER,chr5,168216489,.,G,A,100,PASS
OTHER,chr5,78964887,.,A,ATG,100,PASS
OTHER,chr5,156376703,.,A,G,100,PASS
OTHER,chr5,140186984,.,G,A,100,PASS
OTHER,chr5,41033931,.,C,T,100,PASS
OTHER,chr5,35861068,.,T,C,100,PASS
OTHER,chr5,64863320,.,C,T,100,PASS
OTHER,chr5,111071106,.,T,A,100,PASS
OTHER,chr5,1466686,.,G,C,100,PASS
OTHER,chr5,195507,.,C,T,100,PASS
OTHER,chr5,151043016,.,CTA,C,100,PASS
OTHER,chr5,161113004,.,G,A,100,PASS
OTHER,chr5,140186990,.,G,A,100,PASS
OTHER,chr5,41925644,.,G,C,64.82,PASS
OTHER,chr5,68419054,.,A,T,100,PASS
OTHER,chr5,79351859,.,G,A,100,PASS
OTHER,chr5,5436609,.,G,A,100,PASS
OTHER,chr5,63509349,.,G,A,100,PASS
OTHER,chr5,1081767,.,C,T,92.07,PASS
OTHER,chr5,5146223,.,G,C,100,PASS
OTHER,chr5,140475881,.,G,A,45.14,PASS
OTHER,chr5,32248077,.,C,T,80.86,PASS
OTHER,chr5,112851121,.,C,T,100,PASS
OTHER,chr5,169031150,.,T,C,100,PASS
OTHER,chr5,40979790,.,A,T,100,PASS
OTHER,chr5,39108322,.,A,G,100,PASS
OTHER,chr5,154395158,.,G,T,100,PASS
OTHER,chr5,6632909,.,G,A,100,PASS
OTHER,chr5,74675250,.,T,C,100,PASS
OTHER,chr5,150410219,.,C,A,100,PASS
OTHER,chr5,52235802,.,T,G,100,PASS
OTHER,chr5,153029960,.,T,C,100,PASS
OTHER,chr5,176940871,.,G,C,100,PASS
OTHER,chr5,176830627,.,G,A,100,PASS
OTHER,chr5,139931778,.,G,A,100,PASS
OTHER,chr5,153429459,.,T,C,100,PASS
OTHER,chr5,157164962,.,T,C,100,PASS
OTHER,chr5,665280,.,T,C,100,PASS
OTHER,chr5,79950163,.,C,CTGGCGCGTCCCGCCCAGGT,100,PASS
OTHER,chr5,35654711,.,C,T,100,PASS
OTHER,chr5,115827407,.,G,A,100,PASS
OTHER,chr6,33768897,.,A,G,100,PASS
OTHER,chr6,32548466,.,C,T,33.64,PASS
OTHER,chr6,32629718,.,G,A,100,PASS
OTHER,chr6,30075843,.,T,C,100,PASS
OTHER,chr6,35089811,.,G,A,100,PASS
OTHER,chr6,38783177,.,G,A,100,PASS
OTHER,chr6,42179696,.,T,C,100,PASS
OTHER,chr6,26463575,.,G,T,100,PASS
OTHER,chr6,57512510,.,T,G,100,PASS
OTHER,chr6,46672217,.,A,T,100,PASS
OTHER,chr6,44250165,.,A,G,100,PASS
OTHER,chr6,33255103,.,A,C,100,PASS
OTHER,chr6,45880311,.,T,C,100,PASS
OTHER,chr6,86199329,.,G,C,100,PASS
OTHER,chr6,25801057,.,T,C,100,PASS
OTHER,chr6,51732807,.,C,T,100,PASS
OTHER,chr6,88226641,.,A,G,100,PASS
OTHER,chr6,31112899,.,C,T,100,PASS
OTHER,chr6,158014255,.,C,G,100,PASS
OTHER,chr6,32975381,.,A,G,100,PASS
OTHER,chr6,117737390,.,G,A,100,PASS
OTHER,chr6,31922254,.,A,C,100,PASS
OTHER,chr6,33281842,.,G,T,82.74,PASS
OTHER,chr6,348080,.,A,G,100,PASS
OTHER,chr6,169637911,.,G,A,100,PASS
OTHER,chr6,17809199,.,G,A,100,PASS
OTHER,chr6,169632305,.,AG,A,100,PASS
OTHER,chr6,3289932,.,T,C,16.72,PASS
OTHER,chr6,127771452,.,T,G,100,PASS
OTHER,chr6,122752560,.,A,T,53.55,PASS
OTHER,chr6,3081237,.,G,A,22.2,PASS
OTHER,chr6,160494409,.,A,G,100,PASS
OTHER,chr6,36075219,.,A,C,100,PASS
OTHER,chr6,128031183,.,T,A,100,PASS
OTHER,chr6,90529343,.,C,T,75.33,PASS
OTHER,chr6,37623566,.,C,T,100,PASS
OTHER,chr6,3287118,.,T,C,100,PASS
OTHER,chr6,31129616,.,A,G,100,PASS
OTHER,chr6,31106409,.,A,G,100,PASS
OTHER,chr6,165845069,.,CTATA,C,100,PASS
OTHER,chr6,32782030,.,A,C,100,PASS
OTHER,chr6,32548454,.,C,CCT,100,PASS
OTHER,chr6,152456098,.,G,A,100,PASS
OTHER,chr6,160524773,.,T,A,100,PASS
OTHER,chr6,138413333,.,G,C,100,PASS
OTHER,chr6,114181916,.,T,G,58.04,PASS
OTHER,chr6,15468876,.,C,G,100,PASS
OTHER,chr6,74533192,.,T,G,100,PASS
OTHER,chr6,10881787,.,A,G,100,PASS
OTHER,chr6,29796306,.,G,A,100,PASS
OTHER,chr6,167754710,.,A,C,100,PASS
OTHER,chr6,161143608,.,T,C,100,PASS
OTHER,chr6,152129077,.,T,C,100,PASS
OTHER,chr6,127476516,.,G,A,100,PASS
OTHER,chr6,56484758,.,C,T,100,PASS
OTHER,chr6,10882100,.,G,A,100,PASS
OTHER,chr6,32629614,.,A,T,100,PASS
OTHER,chr6,11094698,.,T,G,33.13,PASS
OTHER,chr6,42073230,.,G,T,42.98,PASS
OTHER,chr6,43111342,.,G,C,100,PASS
OTHER,chr6,90642358,.,G,A,100,PASS
OTHER,chr6,52343899,.,T,C,100,PASS
OTHER,chr6,159655102,.,A,G,100,PASS
OTHER,chr6,41196727,.,C,T,100,PASS
OTHER,chr6,152665261,.,C,A,100,PASS
OTHER,chr6,41554993,.,G,C,100,PASS
OTHER,chr6,35090097,.,T,C,100,PASS
OTHER,chr6,32164869,.,G,C,100,PASS
OTHER,chr6,29141743,.,A,G,100,PASS
OTHER,chr6,72011579,.,GAGA,"G,GAGG",100,PASS
OTHER,chr6,46672223,.,A,T,31.35,PASS
OTHER,chr6,168479859,.,C,T,100,PASS
OTHER,chr6,31540693,.,G,C,37.28,PASS
OTHER,chr6,47654864,.,T,G,100,PASS
OTHER,chr6,20126610,.,T,C,100,PASS
OTHER,chr6,147631201,.,A,G,100,PASS
OTHER,chr6,46630068,.,G,A,100,PASS
OTHER,chr6,116754456,.,G,T,100,PASS
OTHER,chr6,30075864,.,A,G,100,PASS
OTHER,chr6,29691391,.,T,C,100,PASS
OTHER,chr6,47649694,.,A,G,100,PASS
OTHER,chr6,31477681,.,A,G,100,PASS
OTHER,chr6,36290030,.,C,G,100,PASS
OTHER,chr6,33036388,.,C,T,100,PASS
OTHER,chr6,30864829,.,T,C,100,PASS
OTHER,chr6,80721045,.,A,G,100,PASS
OTHER,chr6,33037675,.,C,A,100,PASS
OTHER,chr6,90455084,.,A,G,100,PASS
OTHER,chr6,32917411,.,C,T,100,PASS
OTHER,chr6,166873010,.,C,T,100,PASS
OTHER,chr6,110064255,.,TATTTC,T,100,PASS
OTHER,chr6,83822985,.,G,A,100,PASS
OTHER,chr6,106992592,.,A,T,100,PASS
OTHER,chr6,38843426,.,C,T,100,PASS
OTHER,chr6,11213832,.,T,C,100,PASS
OTHER,chr6,32782387,.,G,A,97.79,PASS
OTHER,chr6,33359716,.,G,C,100,PASS
OTHER,chr6,160218209,.,G,T,100,PASS
OTHER,chr6,160645832,.,C,T,100,PASS
OTHER,chr6,33630846,.,A,G,100,PASS
OTHER,chr6,66006148,.,A,C,100,PASS
OTHER,chr6,29643879,.,A,G,100,PASS
OTHER,chr6,33644768,.,T,C,100,PASS
OTHER,chr6,99825227,.,T,C,100,PASS
OTHER,chr6,116720487,.,C,T,100,PASS
OTHER,chr6,28228342,.,A,G,100,PASS
OTHER,chr6,31237027,.,C,T,100,PASS
OTHER,chr6,170159023,.,G,A,100,PASS
OTHER,chr6,37252210,.,C,T,100,PASS
OTHER,chr6,146755842,.,C,A,92.95,PASS
OTHER,chr6,24806752,.,A,C,100,PASS
OTHER,chr6,159672455,.,C,T,100,PASS
OTHER,chr6,65098768,.,A,G,100,PASS
OTHER,chr6,167590541,.,G,A,100,PASS
OTHER,chr6,27115124,.,GACA,G,100,PASS
OTHER,chr6,36288879,.,G,GGTCTCAGCT,100,PASS
OTHER,chr6,30994052,.,A,T,77.6,PASS
OTHER,chr6,29913137,.,A,G,100,PASS
OTHER,chr7,47943953,.,C,T,100,PASS
OTHER,chr7,114210814,.,T,C,100,PASS
OTHER,chr7,48545879,.,A,T,100,PASS
OTHER,chr7,87079406,.,T,A,100,PASS
OTHER,chr7,99707712,.,A,G,100,PASS
OTHER,chr7,6465598,.,C,T,100,PASS
OTHER,chr7,100634783,.,A,C,100,PASS
OTHER,chr7,56155219,.,C,T,100,PASS
OTHER,chr7,7413149,.,T,C,100,PASS
OTHER,chr7,56132122,.,C,T,100,PASS
OTHER,chr7,92244630,.,TATACA,T,96.45,PASS
OTHER,chr7,154429560,.,C,T,100,PASS
OTHER,chr7,1590376,.,T,C,100,PASS
OTHER,chr7,51287470,.,A,G,100,PASS
OTHER,chr7,91736794,.,T,A,100,PASS
OTHER,chr7,83095955,.,A,G,100,PASS
OTHER,chr7,100634640,.,T,G,100,PASS
OTHER,chr7,7398457,.,T,G,98.3,PASS
OTHER,chr7,4862259,.,A,G,100,PASS
OTHER,chr7,135095270,.,A,G,100,PASS
OTHER,chr7,99753121,.,A,G,59.33,PASS
OTHER,chr7,21658855,.,A,G,100,PASS
OTHER,chr7,75197630,.,C,CG,66.14,PASS
OTHER,chr7,48336844,.,C,T,100,PASS
OTHER,chr7,149981829,.,AT,"A,AG",100,PASS
OTHER,chr7,25266400,.,G,A,100,PASS
OTHER,chr7,148851213,.,G,A,100,PASS
OTHER,chr7,73249165,.,T,A,100,PASS
OTHER,chr7,45697297,.,T,C,100,PASS
OTHER,chr7,143826603,.,G,T,100,PASS
OTHER,chr7,127347733,.,G,C,100,PASS
OTHER,chr7,106301349,.,C,G,17.53,PASS
OTHER,chr7,149518148,.,A,G,100,PASS
OTHER,chr7,33388618,.,C,T,100,PASS
OTHER,chr7,99696797,.,T,C,100,PASS
OTHER,chr7,124481245,.,G,A,92.23,PASS
OTHER,chr7,4901385,.,A,C,17.56,PASS
OTHER,chr7,24689207,.,A,G,100,PASS
OTHER,chr7,20444532,.,C,T,100,PASS
OTHER,chr7,48522845,.,C,G,100,PASS
OTHER,chr7,128000091,.,G,A,96.54,PASS
OTHER,chr7,148895304,.,G,A,100,PASS
OTHER,chr7,6005323,.,C,T,83.15,PASS
OTHER,chr7,99501313,.,A,T,100,PASS
OTHER,chr7,128371206,.,G,A,100,PASS
OTHER,chr7,47408029,.,A,G,100,PASS
OTHER,chr7,94217190,.,A,T,50.92,PASS
OTHER,chr7,80290369,.,A,G,100,PASS
OTHER,chr7,143088867,.,T,C,100,PASS
OTHER,chr7,158457458,.,A,G,100,PASS
OTHER,chr7,23751736,.,A,G,100,PASS
OTHER,chr7,95616330,.,G,A,100,PASS
OTHER,chr7,66409881,.,A,G,100,PASS
OTHER,chr7,55223790,.,T,C,100,PASS
OTHER,chr7,101844953,.,C,G,16.96,PASS
OTHER,chr7,94991632,.,T,C,100,PASS
OTHER,chr7,6026775,.,T,C,100,PASS
OTHER,chr7,2649704,.,T,G,100,PASS
OTHER,chr7,4249626,.,G,T,100,PASS
OTHER,chr7,142561473,.,T,G,43.04,PASS
OTHER,chr7,148823366,.,A,G,100,PASS
OTHER,chr7,21858043,.,A,G,100,PASS
OTHER,chr7,82581488,.,T,TTCA,100,PASS
OTHER,chr7,63726678,.,T,A,100,PASS
OTHER,chr7,31003819,.,C,T,100,PASS
OTHER,chr7,37924737,.,T,G,100,PASS
OTHER,chr7,100458795,.,T,C,100,PASS
OTHER,chr7,148311115,.,G,GT,100,PASS
OTHER,chr7,38253923,.,C,A,100,PASS
OTHER,chr7,31146455,.,A,G,100,PASS
OTHER,chr7,31682453,.,C,T,100,PASS
OTHER,chr7,89938588,.,C,G,79.2,PASS
OTHER,chr7,53103554,.,C,G,100,PASS
OTHER,chr7,135311167,.,G,A,100,PASS
OTHER,chr7,105148460,.,G,T,100,PASS
OTHER,chr7,128138185,.,G,A,99.86,PASS
OTHER,chr7,73275565,.,T,A,31.94,PASS
OTHER,chr7,100681359,.,C,G,100,PASS
OTHER,chr7,78119109,.,C,T,100,PASS
OTHER,chr7,42976789,.,A,G,100,PASS
OTHER,chr7,150708089,.,A,G,100,PASS
OTHER,chr7,100853292,.,A,G,17.53,PASS
OTHER,chr7,43966161,.,C,A,83.91,PASS
OTHER,chr7,76902823,.,TTTTATTTATTTATTTATTTATTTATTTAT,"TTTTATTTATTTATTTATTTATTTAT,TTTTATTTATTTATTTATTTATTTATTTA",100,PASS
OTHER,chr7,150069073,.,A,"AC,ACG",100,PASS
OTHER,chr7,6505901,.,T,C,100,PASS
OTHER,chr7,32598524,.,G,A,100,PASS
OTHER,chr7,37904099,.,G,A,100,PASS
OTHER,chr7,107838637,.,C,A,100,PASS
OTHER,chr7,80427495,.,C,A,100,PASS
OTHER,chr7,131190696,.,T,C,100,PASS
OTHER,chr7,27788354,.,C,A,100,PASS
OTHER,chr7,157959620,.,C,T,100,PASS
OTHER,chr7,48522846,.,A,G,100,PASS
OTHER,chr7,156518259,.,A,G,100,PASS
OTHER,chr7,72987354,.,C,T,100,PASS
OTHER,chr7,150825839,.,G,A,100,PASS
OTHER,chr7,140051063,.,C,T,100,PASS
OTHER,chr7,45120225,.,C,T,94.24,PASS
OTHER,chr7,100635143,.,T,C,65.55,PASS
OTHER,chr7,14758273,.,C,T,100,PASS
OTHER,chr7,142460313,.,T,C,100,PASS
OTHER,chr7,100280896,.,A,C,100,PASS
OTHER,chr7,1542697,.,G,A,100,PASS
OTHER,chr7,2646796,.,G,A,100,PASS
OTHER,chr7,51097063,.,T,G,100,PASS
OTHER,chr8,23116429,.,A,C,100,PASS
OTHER,chr8,144996635,.,G,A,100,PASS
OTHER,chr8,21956108,.,A,G,75.97,PASS
OTHER,chr8,145623098,.,T,C,100,PASS
OTHER,chr8,120844782,.,G,A,100,PASS
OTHER,chr8,72211834,.,A,C,100,PASS
OTHER,chr8,79610710,.,A,G,100,PASS
OTHER,chr8,28981063,.,T,G,100,PASS
OTHER,chr8,144996598,.,G,A,100,PASS
OTHER,chr8,23167353,.,T,G,100,PASS
OTHER,chr8,3141586,.,T,A,100,PASS
OTHER,chr8,6478986,.,C,T,100,PASS
OTHER,chr8,142484366,.,A,"AG,G",100,PASS
OTHER,chr8,24211278,.,C,T,100,PASS
OTHER,chr8,28692783,.,C,T,100,PASS
OTHER,chr8,143563161,.,G,A,100,PASS
OTHER,chr8,94794620,.,C,T,100,PASS
OTHER,chr8,144671922,.,G,A,100,PASS
OTHER,chr8,21978088,.,G,A,58.43,PASS
OTHER,chr8,120596023,.,A,G,100,PASS
OTHER,chr8,141568622,.,G,A,100,PASS
OTHER,chr8,119391791,.,T,C,100,PASS
OTHER,chr8,139153385,.,C,A,100,PASS
OTHER,chr8,86121311,.,G,T,100,PASS
OTHER,chr8,96054000,.,C,T,100,PASS
OTHER,chr8,23054779,.,T,C,49.43,PASS
OTHER,chr8,22881852,.,T,C,100,PASS
OTHER,chr8,118819578,.,C,T,100,PASS
OTHER,chr8,144400089,.,C,T,100,PASS
OTHER,chr8,68993014,.,T,C,100,PASS
OTHER,chr8,17829756,.,C,CAA,63.43,PASS
OTHER,chr8,73926236,.,T,G,100,PASS
OTHER,chr8,71645871,.,C,T,100,PASS
OTHER,chr8,104080980,.,G,T,50.49,PASS
OTHER,chr8,145621556,.,A,G,100,PASS
OTHER,chr8,133906210,.,G,A,100,PASS
OTHER,chr8,17807929,.,G,C,100,PASS
OTHER,chr8,128428638,.,G,A,100,PASS
OTHER,chr8,134292514,.,T,TG,100,PASS
OTHER,chr8,145661320,.,G,A,100,PASS
OTHER,chr8,1857367,.,T,C,100,PASS
OTHER,chr8,72127563,.,G,A,100,PASS
OTHER,chr8,134233024,.,G,A,80.62,PASS
OTHER,chr8,10285825,.,T,G,100,PASS
OTHER,chr8,3072107,.,G,C,100,PASS
OTHER,chr8,10470068,.,C,T,100,PASS
OTHER,chr8,144398029,.,A,G,100,PASS
OTHER,chr8,144681777,.,G,T,100,PASS
OTHER,chr8,145662113,.,C,T,100,PASS
OTHER,chr8,142231944,.,G,A,100,PASS
OTHER,chr8,124693444,.,C,T,100,PASS
OTHER,chr8,27308585,.,A,C,100,PASS
OTHER,chr8,20107143,.,A,G,100,PASS
OTHER,chr8,82355621,.,A,G,100,PASS
OTHER,chr8,27898580,.,T,C,100,PASS
OTHER,chr8,144776713,.,A,C,100,PASS
OTHER,chr8,109488937,.,A,G,100,PASS
OTHER,chr8,145773244,.,TTG,T,71.74,PASS
OTHER,chr8,17927248,.,A,C,100,PASS
OTHER,chr8,17042416,.,G,C,100,PASS
OTHER,chr8,118540863,.,T,C,89.52,PASS
OTHER,chr8,121293331,.,G,A,100,PASS
OTHER,chr8,52321243,.,T,C,100,PASS
OTHER,chr9,34723744,.,C,A,33.09,PASS
OTHER,chr9,135265876,.,T,C,100,PASS
OTHER,chr9,137660194,.,G,T,100,PASS
OTHER,chr9,73150873,.,T,G,100,PASS
OTHER,chr9,4576774,.,G,A,100,PASS
OTHER,chr9,75541942,.,G,T,100,PASS
OTHER,chr9,133769169,.,G,A,100,PASS
OTHER,chr9,79996759,.,A,G,100,PASS
OTHER,chr9,27455585,.,G,A,100,PASS
OTHER,chr9,131735559,.,T,C,100,PASS
OTHER,chr9,117033022,.,T,C,75.97,PASS
OTHER,chr9,107581749,.,A,C,100,PASS
OTHER,chr9,116858625,.,T,G,100,PASS
OTHER,chr9,100995758,.,G,T,70.77,PASS
OTHER,chr9,92003679,.,C,T,100,PASS
OTHER,chr9,130341095,.,C,T,100,PASS
OTHER,chr9,7798518,.,G,C,100,PASS
OTHER,chr9,35662251,.,T,C,100,PASS
OTHER,chr9,139879170,.,G,A,100,PASS
OTHER,chr9,100819070,.,T,G,24.76,PASS
OTHER,chr9,131898880,.,A,G,100,PASS
OTHER,chr9,132640726,.,T,G,34.49,PASS
OTHER,chr9,77416972,.,C,T,100,PASS
OTHER,chr9,132845689,.,G,A,100,PASS
OTHER,chr9,74975136,.,T,C,100,PASS
OTHER,chr9,117998,.,G,T,100,PASS
OTHER,chr9,102595685,.,C,T,100,PASS
OTHER,chr9,107367008,.,T,C,100,PASS
OTHER,chr9,130166382,.,C,G,100,PASS
OTHER,chr9,13175715,.,TGAG,T,100,PASS
OTHER,chr9,136412382,.,T,C,100,PASS
OTHER,chr9,5055015,.,C,T,100,PASS
OTHER,chr9,137687038,.,A,G,100,PASS
OTHER,chr9,78848542,.,C,G,100,PASS
OTHER,chr9,117066823,.,C,T,100,PASS
OTHER,chr9,111746607,.,T,C,100,PASS
OTHER,chr9,132623293,.,C,T,100,PASS
OTHER,chr9,17409556,.,C,T,100,PASS
OTHER,chr9,90584878,.,G,A,100,PASS
OTHER,chr9,35739115,.,G,GC,100,PASS
OTHER,chr9,140901146,.,A,G,100,PASS
OTHER,chr9,139916879,.,C,T,100,PASS
OTHER,chr9,134397624,.,C,T,100,PASS
OTHER,chr9,90503007,.,A,G,100,PASS
OTHER,chr9,119106881,.,C,A,100,PASS
OTHER,chr9,137714027,.,T,C,100,PASS
OTHER,chr9,4576680,.,T,C,100,PASS
OTHER,chr9,97088251,.,C,G,100,PASS
OTHER,chr9,27218726,.,C,T,100,PASS
OTHER,chr9,108147627,.,G,A,100,PASS
OTHER,chr9,130939707,.,A,T,100,PASS
OTHER,chr9,4834299,.,T,G,100,PASS
OTHER,chr9,84248185,.,GTGT,G,25.43,PASS
OTHER,chr9,93606309,.,G,A,100,PASS
OTHER,chr9,139412197,.,G,A,16.08,PASS
OTHER,chr9,139972900,.,T,C,100,PASS
OTHER,chr9,136412255,.,A,C,100,PASS
OTHER,chr9,97084397,.,T,C,100,PASS
OTHER,chr9,139913239,.,T,G,100,PASS
OTHER,chr9,140611436,.,T,C,100,PASS
OTHER,chr9,74975492,.,T,C,100,PASS
OTHER,chr9,79955315,.,C,T,72.01,PASS
OTHER,chr9,33026638,.,G,A,100,PASS
OTHER,chr9,132402908,.,C,G,100,PASS
OTHER,chr9,135374898,.,T,C,100,PASS
OTHER,chr9,27296595,.,C,G,100,PASS
OTHER,chr9,123800094,.,T,A,100,PASS
OTHER,chr9,130420813,.,G,T,100,PASS
OTHER,chr9,137804830,.,G,C,100,PASS
OTHER,chr9,133942660,.,G,A,100,PASS
OTHER,chr9,21968199,.,C,G,100,PASS
OTHER,chr9,107620867,.,C,T,100,PASS
OTHER,chr9,133928088,.,T,C,100,PASS
OTHER,chr9,131745548,.,T,C,100,PASS
OTHER,chr9,96392439,.,G,A,100,PASS
OTHER,chr9,136648483,.,T,C,100,PASS
OTHER,chr9,139412884,.,C,T,100,PASS
OTHER,chr9,133884820,.,T,G,20.45,PASS
OTHER,chr9,107266596,.,T,C,100,PASS
OTHER,chr9,125377505,.,A,G,100,PASS
OTHER,chr9,27455135,.,G,A,100,PASS
OTHER,chr9,95992213,.,A,G,100,PASS
OTHER,chrX,12722616,.,C,G,100,PASS
OTHER,chrX,74494470,.,T,G,100,PASS
OTHER,chrX,3241256,.,T,C,100,PASS
OTHER,chrX,207362,.,C,T,100,PASS
OTHER,chrX,52825546,.,C,G,100,PASS
OTHER,chrX,44879823,.,A,G,26.21,PASS
OTHER,chrX,38132628,.,A,G,100,PASS
OTHER,chrX,1497644,.,G,C,62.61,PASS
OTHER,chrX,100609547,.,G,A,100,PASS
OTHER,chrX,50127963,.,G,A,100,PASS
OTHER,chrX,107430579,.,G,A,100,PASS
OTHER,chrX,6975782,.,C,G,100,PASS
OTHER,chrX,118587003,.,C,T,100,PASS
OTHER,chrX,151817820,.,C,T,100,PASS
OTHER,chrX,77298857,.,G,A,100,PASS
OTHER,chrX,152613112,.,C,T,100,PASS
OTHER,chrX,27766045,.,A,G,100,PASS
OTHER,chrX,54481833,.,C,G,100,PASS
OTHER,chrX,140983127,.,G,A,100,PASS
OTHER,chrX,117742356,.,C,T,100,PASS
OTHER,chrX,91873513,.,A,T,100,PASS
OTHER,chrX,118893137,.,T,C,92.66,PASS
OTHER,chrX,107978342,.,T,A,100,PASS
OTHER,chrX,152083012,.,G,A,100,PASS
OTHER,chrX,107418281,.,C,T,36.61,PASS
OTHER,chrX,36379751,.,A,G,91.35,PASS
OTHER,chrX,133988253,.,A,G,100,PASS
OTHER,chrX,107393330,.,T,TG,100,PASS
OTHER,chrX,119065893,.,G,A,100,PASS
OTHER,chrX,135961585,.,ATG,"A,AT,ATT",100,PASS
OTHER,chrX,12937513,.,C,T,50.98,PASS
